workflow,iteration,operation,transaction_hash,block_number,status,gas_used,effective_gas_price,latency_ms,started_at,ended_at
deployment,1,deploy,0xde80951cc92a19be067b2a65a1c544bbc0f47cf88e99bc14682d9a9a91430ab3,1,1,2553875,1875000000,224.741931,2026-09-03T09:13:04.709Z,2026-09-03T09:13:04.934Z
deployment,2,deploy,0x70752758c783ae08fd2c081929e8bd46b9fe2658196b3eeab22027ea1364c23f,2,1,2553875,1784247006,132.982308,2026-09-03T09:13:04.949Z,2026-09-03T09:13:05.082Z
deployment,3,deploy,0x843c86ec6a5e84d41d04d6e4a7139c36f0592e7b73a8e103408003d234e60baf,3,1,2553875,1702906704,169.655615,2026-09-03T09:13:05.096Z,2026-09-03T09:13:05.266Z
deployment,4,deploy,0xf3a5ca5ccf49f08ac1e39d2fef77027adb7442f7471ab23c59a059bda40604f4,4,1,2553875,1630002832,126.587977,2026-09-03T09:13:05.282Z,2026-09-03T09:13:05.408Z
deployment,5,deploy,0x52f18686b60e72dfe2babfb2c8bc8bd89f8073f129bf13bbbc47550aea81796f,5,1,2553875,1564660383,174.480203,2026-09-03T09:13:05.422Z,2026-09-03T09:13:05.597Z
deployment,6,deploy,0xe7ccbc2f92dd880d820ff27a9bad451b3bfbb11804836825c09da6590c537545,6,1,2553875,1506095103,129.894585,2026-09-03T09:13:05.610Z,2026-09-03T09:13:05.740Z
deployment,7,deploy,0xa264e80724d991f23c1e2448880e0c5d6449fad495e8aa4efd552b9b60f59001,7,1,2553875,1453604079,163.697564,2026-09-03T09:13:05.754Z,2026-09-03T09:13:05.917Z
deployment,8,deploy,0xad74e62522c7df886b409eb1d0f0d43c46cbfa010f86bda38614da9c9e6f1630,8,1,2553875,1406557304,121.319195,2026-09-03T09:13:05.931Z,2026-09-03T09:13:06.052Z
deployment,9,deploy,0x83d8df76b5d196aec5ccee631c0886e985ae21e31a765fb2652ebf6583f50a25,9,1,2553875,1364390113,161.415257,2026-09-03T09:13:06.065Z,2026-09-03T09:13:06.227Z
deployment,10,deploy,0x9413fc7efb0dd79e9918db10b8743bece194ab0ab918ccf341126ea1d5614832,10,1,2553875,1326596406,126.122935,2026-09-03T09:13:06.240Z,2026-09-03T09:13:06.366Z
deployment,11,deploy,0x110a87d6875e91311fbfd92a1bee963997ee87b11c19af8fae1af5bb8681d945,11,1,2553875,1292722576,164.68833,2026-09-03T09:13:06.380Z,2026-09-03T09:13:06.545Z
deployment,12,deploy,0x9693655592fdc437d4ab909d92ac37f794870a99096cdf362f96b95f9d39b3e0,12,1,2553875,1262362062,121.11532,2026-09-03T09:13:06.558Z,2026-09-03T09:13:06.680Z
deployment,13,deploy,0xf0825bdbe30131297d0dc9fb07f97a93093b7418f537c8caf9b120cdae2441c6,13,1,2553875,1235150471,164.953166,2026-09-03T09:13:06.693Z,2026-09-03T09:13:06.858Z
deployment,14,deploy,0xcc643544dad82619ae6077e24cc05cbd8b3ae58db6c8b51a71f001a8c55d2e2c,14,1,2553875,1210761204,119.882161,2026-09-03T09:13:06.871Z,2026-09-03T09:13:06.991Z
deployment,15,deploy,0x778ab3799c6cc64446feb35694f74b4af5f13aec7045e51b5b1276e89630454c,15,1,2553875,1188901535,161.84414,2026-09-03T09:13:07.004Z,2026-09-03T09:13:07.166Z
deployment,16,deploy,0x11aa14908c71c887d4e5ad5f8e2f3867acba37fd8ab6144a096e0dcd2a308ea8,16,1,2553875,1169309101,122.532951,2026-09-03T09:13:07.180Z,2026-09-03T09:13:07.302Z
deployment,17,deploy,0xee4cda7a04da021c89b5099782dd56fe587a3430139cb62677aaffdad48c4fb0,17,1,2553875,1151748750,169.289048,2026-09-03T09:13:07.316Z,2026-09-03T09:13:07.485Z
deployment,18,deploy,0xccec3198f824fd8f2f458ccc07aecacb45df6ecbe5b8bb9dfe3e25a7907f1caa,18,1,2553875,1136009718,122.825041,2026-09-03T09:13:07.499Z,2026-09-03T09:13:07.622Z
deployment,19,deploy,0x31bf5f85f77306e1f79be49d1141c9fa52ed922810161c2d74ae3d506f781e24,19,1,2553875,1121903102,162.000725,2026-09-03T09:13:07.635Z,2026-09-03T09:13:07.797Z
deployment,20,deploy,0xf3f4d8c4ea808920410c8767d3745c8674fb8dec29a70c18b02cb537d16ad96c,20,1,2553875,1109259592,124.724358,2026-09-03T09:13:07.810Z,2026-09-03T09:13:07.935Z
deployment,21,deploy,0xd38cb9d0729791d3d57149ecd07144d4b8b887e810bf83f0edf5bde471fc8123,21,1,2553875,1097927438,166.426001,2026-09-03T09:13:07.948Z,2026-09-03T09:13:08.114Z
deployment,22,deploy,0x54c8e05d52c058d806f902f0aaffcbb77976111ec2713ea3b9c2138249b3b0b4,22,1,2553875,1087770629,121.468405,2026-09-03T09:13:08.127Z,2026-09-03T09:13:08.249Z
deployment,23,deploy,0x513f8f041b75bbb1193f0ef2a7de69ab2dd871424beb3dd09317c3d7649b0d1a,23,1,2553875,1078667261,168.975962,2026-09-03T09:13:08.263Z,2026-09-03T09:13:08.432Z
deployment,24,deploy,0x4b011afb277c17007d47e3d37f2a7f53ff3dbc28182001bd904bd089067899a3,24,1,2553875,1070508073,121.792762,2026-09-03T09:13:08.445Z,2026-09-03T09:13:08.567Z
deployment,25,deploy,0x833b43580a77d10918bc8d24794d61d54840cc5cbd0cc7234a01bd46c9080cef,25,1,2553875,1063195138,159.827144,2026-09-03T09:13:08.580Z,2026-09-03T09:13:08.740Z
deployment,26,deploy,0x6701911d77955da41820c68abaa78ac1ebbf2a64f0ac2a2a308551696d4c20c0,26,1,2553875,1056640684,118.67921,2026-09-03T09:13:08.753Z,2026-09-03T09:13:08.872Z
deployment,27,deploy,0xba03876de1ede1159b8661eedff329328246350b41734f863ae2a816da9fa26f,27,1,2553875,1050766043,160.179016,2026-09-03T09:13:08.886Z,2026-09-03T09:13:09.046Z
deployment,28,deploy,0x14d0e39afc0bd9f6c97b64f8186fabbb496f3b3f1d605d4adfe5144e1d7e8102,28,1,2553875,1045500706,120.982591,2026-09-03T09:13:09.059Z,2026-09-03T09:13:09.180Z
deployment,29,deploy,0x75226da4d131b17056458cefebe33555c1dc545f534eedbfeebec732e2f3a28e,29,1,2553875,1040781478,159.139928,2026-09-03T09:13:09.194Z,2026-09-03T09:13:09.353Z
deployment,30,deploy,0x4b24b7876050cfb94edf2203d44c3f13bb702a259edd57c53010c3ed3281bcfd,30,1,2553875,1036551717,124.73264,2026-09-03T09:13:09.367Z,2026-09-03T09:13:09.491Z
consumer-confirmation,1,listData,0x56cc3c8e58c69603633e3ff54b8b60c38775d218ce0e3dff04e8b29d3a15de8c,31,1,139278,1032760657,163.345036,2026-09-03T09:13:09.504Z,2026-09-03T09:13:09.667Z
consumer-confirmation,1,deposit,0x9bdb1569c5e8613db0ecfddd0f2cba408fdcd9a92b1c60a6ebfc056abeb2b676,32,1,192180,1028703599,173.427806,2026-09-03T09:13:09.669Z,2026-09-03T09:13:09.842Z
consumer-confirmation,1,submitRK,0xc6adb890751d9874fc2bb96cb0303fcf83c43b3b12461cc304fb45bcf6bccf07,33,1,481858,1025161618,327.7707,2026-09-03T09:13:09.875Z,2026-09-03T09:13:10.203Z
consumer-confirmation,1,confirmReceipt,0xc925e4bc27408fb85b736e30449ac04fef7ece52af48bc713a6ac5b01b620743,34,1,45266,1022117452,136.181473,2026-09-03T09:13:10.203Z,2026-09-03T09:13:10.339Z
consumer-confirmation,2,listData,0x1e37e1221e3317c3aa7b3f5372a529b2805abd0420869ef8c75c32f6ec2b61d3,35,1,139266,1019361114,145.053398,2026-09-03T09:13:10.340Z,2026-09-03T09:13:10.485Z
consumer-confirmation,2,deposit,0xfcc2fffd723b18972267bd125043187c740f92bc53f06a6d5cf4a59d1466bdfe,36,1,192168,1016963445,168.206355,2026-09-03T09:13:10.485Z,2026-09-03T09:13:10.654Z
consumer-confirmation,2,submitRK,0x8db62826a7bdd53b6d5ac8dfee71f2d224218e0f15a40fa9666cbb24088a370a,37,1,481839,1014870180,224.989546,2026-09-03T09:13:10.683Z,2026-09-03T09:13:10.908Z
consumer-confirmation,2,confirmReceipt,0x4fc7cc067531f80640c42df48400f8bff71dc570b50b48484d34bde58b74c68b,38,1,45254,1013071117,136.173433,2026-09-03T09:13:10.909Z,2026-09-03T09:13:11.045Z
consumer-confirmation,3,listData,0x6b4025dd8b85a13339896ffec6e2b782314eaf782ba2173ab40636bdd6cc21b1,39,1,139278,1011442157,144.779963,2026-09-03T09:13:11.046Z,2026-09-03T09:13:11.190Z
consumer-confirmation,3,deposit,0xf7b0fa1d11522530f3382c0eab2de56d3f8dfc7f7d2a47d58e3ed4b8db1c880d,40,1,192180,1010025168,183.453834,2026-09-03T09:13:11.191Z,2026-09-03T09:13:11.374Z
consumer-confirmation,3,submitRK,0xce8f04d668fc865b24dd0379050f5f03e90361ef1d5657a350c15a2bb34a64aa,41,1,481858,1008788078,268.02814,2026-09-03T09:13:11.407Z,2026-09-03T09:13:11.675Z
consumer-confirmation,3,confirmReceipt,0x3dc57ad2f4740db8657f0a48a6b6ad5ede4f9b3f036b42cecda92847a8abd411,42,1,45266,1007724857,128.389409,2026-09-03T09:13:11.675Z,2026-09-03T09:13:11.804Z
consumer-confirmation,4,listData,0xea7df48205792ae3fc9c98756760305f8eaf6b8be2fc84d375cbf56c36d0af4b,43,1,139278,1006762164,154.166141,2026-09-03T09:13:11.804Z,2026-09-03T09:13:11.959Z
consumer-confirmation,4,deposit,0xd4713df64dfd47f6790be55c56a65ed76144415fb7047e3fea35b3e257479ece,44,1,192180,1005924743,171.724709,2026-09-03T09:13:11.959Z,2026-09-03T09:13:12.131Z
consumer-confirmation,4,submitRK,0x3e4db59fa30c2a1e7d914d188f1e0e866cc1a40a3914b59baeee9b5f6e65b40d,45,1,481846,1005193639,287.644334,2026-09-03T09:13:12.166Z,2026-09-03T09:13:12.454Z
consumer-confirmation,4,confirmReceipt,0x894d61989d34599939dcdd6815824fb453f4998a186b00797d790157f3a86509,46,1,45266,1004565289,151.203141,2026-09-03T09:13:12.454Z,2026-09-03T09:13:12.605Z
consumer-confirmation,5,listData,0x67583b860760876b24480d321179e97987b908fcd50948b922bc4917e23edf96,47,1,139278,1003996350,162.54539,2026-09-03T09:13:12.606Z,2026-09-03T09:13:12.768Z
consumer-confirmation,5,deposit,0xd89eedbdb622463622ddfab47b7eeca68be8477e634c87a1dd6f246a8de1fdc9,48,1,192180,1003501445,187.655633,2026-09-03T09:13:12.769Z,2026-09-03T09:13:12.956Z
consumer-confirmation,5,submitRK,0x545d80a522b107978dfb612491362ae109420c3146fb534f1ebda97b9d5ffbe0,49,1,481858,1003069372,275.339824,2026-09-03T09:13:12.989Z,2026-09-03T09:13:13.264Z
consumer-confirmation,5,confirmReceipt,0xbe374c8614f26af8c0d57d1951b2f13e9cc4f1c0d15a681cfc21d68adb38783a,50,1,45266,1002698026,124.868842,2026-09-03T09:13:13.265Z,2026-09-03T09:13:13.390Z
consumer-confirmation,6,listData,0x5321037423e6621f3f0543239f7f69eb39d7956678daff2df6b2e6372c9f3e80,51,1,139278,1002361791,183.731776,2026-09-03T09:13:13.390Z,2026-09-03T09:13:13.574Z
consumer-confirmation,6,deposit,0xfba14b65696165983d301cefa334b47dab1688f3283178db0de42744a8f87db8,52,1,192180,1002069309,164.915888,2026-09-03T09:13:13.574Z,2026-09-03T09:13:13.739Z
consumer-confirmation,6,submitRK,0x10fb654209dac19b8cb1bd1c633e1dd82b24e5b4e429a9b69f01ac06f0785a4d,53,1,481863,1001813960,291.058421,2026-09-03T09:13:13.772Z,2026-09-03T09:13:14.063Z
consumer-confirmation,6,confirmReceipt,0xe15823bac00c6c6277bcfdbf6e76d19b82ee5157ae25a0ebac36fc51cf010e14,54,1,45266,1001594500,144.443358,2026-09-03T09:13:14.063Z,2026-09-03T09:13:14.208Z
consumer-confirmation,7,listData,0xbaff66437914f7730891673ec10fee9a342e7808617096d7961333688e0a1323,55,1,139278,1001395789,131.478623,2026-09-03T09:13:14.208Z,2026-09-03T09:13:14.340Z
consumer-confirmation,7,deposit,0x44dd38fb2ad0b4427e8d02da4199150914b59a5f6204ede2f2c65f50337c3bce,56,1,192180,1001222936,141.135385,2026-09-03T09:13:14.340Z,2026-09-03T09:13:14.481Z
consumer-confirmation,7,submitRK,0xc760f5b5bff8c4ecb4a4bae9780b0f48424e1047e8f29c04dee47c8c3d076af5,57,1,481839,1001072028,200.267774,2026-09-03T09:13:14.512Z,2026-09-03T09:13:14.713Z
consumer-confirmation,7,confirmReceipt,0x3885f1e97dc8f53993ec6f68887907e9eaf15a3f5b6be55339452cec127d13fe,58,1,45266,1000942330,129.647997,2026-09-03T09:13:14.713Z,2026-09-03T09:13:14.843Z
consumer-confirmation,8,listData,0x45e3ea41a642ed548a6585ba9406874a2a26f452bfc7dd65f263685c82aa2572,59,1,139278,1000824895,157.980622,2026-09-03T09:13:14.843Z,2026-09-03T09:13:15.001Z
consumer-confirmation,8,deposit,0xa6e652ca36d4f32b49256e53d807548b1365900defa569ad9c177ee5edcfb73c,60,1,192180,1000722741,178.999126,2026-09-03T09:13:15.001Z,2026-09-03T09:13:15.180Z
consumer-confirmation,8,submitRK,0xd631d0137a1912ba66daa96fe27be789062fc772aa0c681cca8bd20d202cce8c,61,1,481846,1000633556,251.918699,2026-09-03T09:13:15.214Z,2026-09-03T09:13:15.466Z
consumer-confirmation,8,confirmReceipt,0xce077d8d9f178f194d5a9c040b1de361cf65d037532ab457331bc5e751fad5fa,62,1,45266,1000556906,147.60396,2026-09-03T09:13:15.467Z,2026-09-03T09:13:15.614Z
consumer-confirmation,9,listData,0x4533130882a7c6543c6fd99bb6a5f524f0a306eb3c922769775582bc5f00164a,63,1,139278,1000487503,140.828016,2026-09-03T09:13:15.615Z,2026-09-03T09:13:15.755Z
consumer-confirmation,9,deposit,0x479dda8529dbf5c0d2f47479ef1b3dea1903eefef9be96f48aef9e1991f49191,64,1,192180,1000427131,176.711346,2026-09-03T09:13:15.756Z,2026-09-03T09:13:15.932Z
consumer-confirmation,9,submitRK,0xd6c4089ada898e68c5b6028327b06faa66046931531d4a6cbd1e7729329100d4,65,1,481834,1000374424,292.096253,2026-09-03T09:13:15.967Z,2026-09-03T09:13:16.259Z
consumer-confirmation,9,confirmReceipt,0xdc07e5ebcdc795cbaa0c3a498925a1b4bcb09955e8518375cc27fb1cc9c4c262,66,1,45266,1000329125,121.492332,2026-09-03T09:13:16.260Z,2026-09-03T09:13:16.381Z
consumer-confirmation,10,listData,0x5787f0a7e5315593b91d402e8e007056eac30100eb8ffc9e1dc5e258057a13af,67,1,139278,1000288109,131.553791,2026-09-03T09:13:16.382Z,2026-09-03T09:13:16.513Z
consumer-confirmation,10,deposit,0x5e9484eb72729a88b8edfb21b853f40b1a046d57d65c1304d90cd9b4a13adada,68,1,192180,1000252430,132.757715,2026-09-03T09:13:16.514Z,2026-09-03T09:13:16.646Z
consumer-confirmation,10,submitRK,0x1ee13847c92ebfaf4e030f96fe6f16f5c8e6c49da96f2413432993d0b4012c1c,69,1,481858,1000221281,292.869269,2026-09-03T09:13:16.678Z,2026-09-03T09:13:16.970Z
consumer-confirmation,10,confirmReceipt,0x078221c7b6b513e57247edae8018e6a4f88cdd9a56ef6baee9f002884e93f24f,70,1,45266,1000194510,135.27613,2026-09-03T09:13:16.971Z,2026-09-03T09:13:17.106Z
consumer-confirmation,11,listData,0xcfcdeddffd3afef7b06c49e9c7c86dc4faba9d93e9d4562e4fc8ce4b7807a71d,71,1,139278,1000170270,131.679374,2026-09-03T09:13:17.107Z,2026-09-03T09:13:17.238Z
consumer-confirmation,11,deposit,0x762b534b730dc28a39e89b795f646fe348c120ffd8be8c512dd5938d918dc440,72,1,192180,1000149184,131.792097,2026-09-03T09:13:17.239Z,2026-09-03T09:13:17.370Z
consumer-confirmation,11,submitRK,0x6195ca6c1045e381b5707731172b2a2cfd1f0a68f3b6a292e6e84ff39fc1f939,73,1,481875,1000130775,203.238463,2026-09-03T09:13:17.401Z,2026-09-03T09:13:17.604Z
consumer-confirmation,11,confirmReceipt,0x62fc490453fab018ae4c4f3dae43b360e6dae780a1ed21b6c30e9a6ac72bb537,74,1,45266,1000114954,126.751345,2026-09-03T09:13:17.605Z,2026-09-03T09:13:17.731Z
consumer-confirmation,12,listData,0x19d4978d31260725d0938744d216e78d2ce57b2f323ac4b928ebd6e729385f4d,75,1,139278,1000100629,144.667032,2026-09-03T09:13:17.732Z,2026-09-03T09:13:17.877Z
consumer-confirmation,12,deposit,0x94ea9e7392317a5d70ab657fbd3f8f0c8d03bd035c1e74c9ebe9efb501f2dfc7,76,1,192180,1000088168,158.324714,2026-09-03T09:13:17.877Z,2026-09-03T09:13:18.035Z
consumer-confirmation,12,submitRK,0x1a29ba939497e9991dd932ea35ac5c4f5c2629e7a70baf57430104a6ea1addae,77,1,481875,1000077289,276.052664,2026-09-03T09:13:18.067Z,2026-09-03T09:13:18.343Z
consumer-confirmation,12,confirmReceipt,0x8e683b21e408b405bdf543be7b3f1c090dbc1d84054479a422bb3cfa1c5b6057,78,1,45266,1000067939,116.005981,2026-09-03T09:13:18.343Z,2026-09-03T09:13:18.459Z
consumer-confirmation,13,listData,0xbd37339449ff055e3ce3daee90b33d41992c0c9c7b61e4c09756626c8c4ca38b,79,1,139278,1000059473,126.746329,2026-09-03T09:13:18.460Z,2026-09-03T09:13:18.586Z
consumer-confirmation,13,deposit,0x03a45d08d01e7062cb221098a0f22cdebd02b1d3e89128baa4163b2e03680a5c,80,1,192180,1000052108,134.692175,2026-09-03T09:13:18.587Z,2026-09-03T09:13:18.721Z
consumer-confirmation,13,submitRK,0x309db6e3a465c679e1737d61a0c2706eeee77a3ee2928eb97a1e190223e132a9,81,1,481863,1000045678,203.84259,2026-09-03T09:13:18.751Z,2026-09-03T09:13:18.955Z
consumer-confirmation,13,confirmReceipt,0x37d2e7d499b8e0ec94043c62f7d7a6fbe27599a26d49d3080d8b3f83bcb6961c,82,1,45266,1000040152,120.259205,2026-09-03T09:13:18.955Z,2026-09-03T09:13:19.075Z
consumer-confirmation,14,listData,0x497ec8f9105b447d6ff8e0e824d8a938c1eec032e28bbdaad040a2311b13939c,83,1,139266,1000035149,129.236543,2026-09-03T09:13:19.076Z,2026-09-03T09:13:19.205Z
consumer-confirmation,14,deposit,0x8a275060fc27c2e5b12b8f63fd4590b64e9e9f77a96b7090887a318dd1292a74,84,1,192156,1000030797,135.006395,2026-09-03T09:13:19.205Z,2026-09-03T09:13:19.340Z
consumer-confirmation,14,submitRK,0x540cfd151e53618b2fce9483771b6d401104e596503ff2305d706598b8ac2696,85,1,481815,1000026997,284.840161,2026-09-03T09:13:19.377Z,2026-09-03T09:13:19.662Z
consumer-confirmation,14,confirmReceipt,0x56b932fed26ebc929551acc8f26d79fe86a9c5ca5445dabf63c1c572720df98b,86,1,45254,1000023731,135.300503,2026-09-03T09:13:19.663Z,2026-09-03T09:13:19.798Z
consumer-confirmation,15,listData,0xb3c31aec66f85286884686c5178c3c8ae1620f289f25b5a72aa950b997a858b5,87,1,139278,1000020774,160.903526,2026-09-03T09:13:19.799Z,2026-09-03T09:13:19.959Z
consumer-confirmation,15,deposit,0xcd74ad23e333867239e2d5fa86801302f82b301cc675f0948aa0d14cbc4bab88,88,1,192180,1000018202,167.284595,2026-09-03T09:13:19.960Z,2026-09-03T09:13:20.127Z
consumer-confirmation,15,submitRK,0xa31275542b2fd76ba7995978c264a6c9bb96093b6eeed30cac634d896abe18de,89,1,481875,1000015956,271.076305,2026-09-03T09:13:20.161Z,2026-09-03T09:13:20.432Z
consumer-confirmation,15,confirmReceipt,0x00d2b39d2fbebc6806a0aaba2f99ca34aee5af3335b56cb9d70153999ab37a8f,90,1,45266,1000014026,138.376369,2026-09-03T09:13:20.432Z,2026-09-03T09:13:20.570Z
consumer-confirmation,16,listData,0x354a90965ca3e79cf14758f9f17680f29b2a09a0850a905f198ca73a3337d0a4,91,1,139278,1000012279,146.291057,2026-09-03T09:13:20.571Z,2026-09-03T09:13:20.717Z
consumer-confirmation,16,deposit,0x67570f105e5e6ebc3ec4114e587e96bd6006021bae820a27b3cd6149848dc2a0,92,1,192180,1000010759,164.254271,2026-09-03T09:13:20.717Z,2026-09-03T09:13:20.882Z
consumer-confirmation,16,submitRK,0x3f9b95c0a04a7b2a8a597872f995f3b6ddbb60e365242f6b6b6474717039a486,93,1,481875,1000009432,273.955135,2026-09-03T09:13:20.914Z,2026-09-03T09:13:21.188Z
consumer-confirmation,16,confirmReceipt,0x86d99969f54c9c409e2f4190a8a0192c7593a95491123459ca4a73db09f32a76,94,1,45266,1000008291,136.553112,2026-09-03T09:13:21.189Z,2026-09-03T09:13:21.325Z
consumer-confirmation,17,listData,0x7c18e0d22b711d3c50e390a71dda80fb954349580b9b2b43a32b60d2d6786bc3,95,1,139278,1000007258,155.195863,2026-09-03T09:13:21.326Z,2026-09-03T09:13:21.481Z
consumer-confirmation,17,deposit,0x61f84d71734bb1086d2f20850c2c731e798e8af9563d6308a4f47da6fc751915,96,1,192180,1000006360,145.507402,2026-09-03T09:13:21.481Z,2026-09-03T09:13:21.627Z
consumer-confirmation,17,submitRK,0xf9175136d31e1db58308ca88420173c462c61e7e32ce4456eec15c791bd97b99,97,1,481839,1000005576,271.371706,2026-09-03T09:13:21.658Z,2026-09-03T09:13:21.929Z
consumer-confirmation,17,confirmReceipt,0x1971fdc6a83498f6a9c5eb19d12fa1ede1aee3c73b42e41eeb7ec89e926d3049,98,1,45266,1000004902,143.245814,2026-09-03T09:13:21.930Z,2026-09-03T09:13:22.073Z
consumer-confirmation,18,listData,0x2511b6631ac86bd99ab390e5ce73694c525836261a935bf74c629ab136824ffc,99,1,139266,1000004292,157.530737,2026-09-03T09:13:22.073Z,2026-09-03T09:13:22.231Z
consumer-confirmation,18,deposit,0x3ad742e2f816b89c0bd4921382b57b641fc7dbd0bc0e296d2737f3c218a94470,100,1,192180,1000003761,181.839776,2026-09-03T09:13:22.231Z,2026-09-03T09:13:22.413Z
consumer-confirmation,18,submitRK,0x465bf961702d4d96d9c4ede2395755b92499fdc0cde3fb8f1bd6109d67fd7dbc,101,1,481858,1000003297,269.285331,2026-09-03T09:13:22.447Z,2026-09-03T09:13:22.717Z
consumer-confirmation,18,confirmReceipt,0xe3c97f3561db43ffa1a0c398aba3e0f9ba308d508bbf8d9f1863d9a2c57f9913,102,1,45266,1000002899,136.978138,2026-09-03T09:13:22.717Z,2026-09-03T09:13:22.854Z
consumer-confirmation,19,listData,0xd5b9db32f67435e26f1f5a1fcd0d8ab7a622ade000663d0f9c48486c378bda10,103,1,139278,1000002538,129.710008,2026-09-03T09:13:22.855Z,2026-09-03T09:13:22.984Z
consumer-confirmation,19,deposit,0x9a58246d11b52b5297f85736ba66409ec6dbbb87d1ed8ad784bcf24caaf779b6,104,1,192180,1000002224,167.714883,2026-09-03T09:13:22.985Z,2026-09-03T09:13:23.152Z
consumer-confirmation,19,submitRK,0x3f840f532a3b8a7860859bd5b251b7eb504fdabae1fc0375071cf5271b0114f5,105,1,481846,1000001950,313.767569,2026-09-03T09:13:23.185Z,2026-09-03T09:13:23.499Z
consumer-confirmation,19,confirmReceipt,0xc57d615126fded5f063d66f9a580bfc0fcbb9d4b04083110d7dd5d2f185792fd,106,1,45266,1000001715,134.143046,2026-09-03T09:13:23.499Z,2026-09-03T09:13:23.634Z
consumer-confirmation,20,listData,0x77993fd438d56df1c5ecc1b53ce752bddd627a30033a31a83a22ee584f04dd84,107,1,139278,1000001502,150.887563,2026-09-03T09:13:23.634Z,2026-09-03T09:13:23.785Z
consumer-confirmation,20,deposit,0x566ee955907d2c134ecad33e8a0cc6270be38eac0d128722998aa0211b3f2ae7,108,1,192180,1000001316,145.535511,2026-09-03T09:13:23.785Z,2026-09-03T09:13:23.931Z
consumer-confirmation,20,submitRK,0xc39718518b41e2a71543be3dcca31a557305cdc516ddfa042ade6294190f882f,109,1,481834,1000001154,296.477913,2026-09-03T09:13:23.964Z,2026-09-03T09:13:24.260Z
consumer-confirmation,20,confirmReceipt,0x467465f9bee5bd4cc782b698be4258478a33661f1266c04dc20af952871e4e23,110,1,45266,1000001015,126.830456,2026-09-03T09:13:24.261Z,2026-09-03T09:13:24.388Z
consumer-confirmation,21,listData,0x3898e9ff4661c29305b63cf72477468b1e61846163b449e027a614465a2c8b50,111,1,139278,1000000889,135.202919,2026-09-03T09:13:24.388Z,2026-09-03T09:13:24.523Z
consumer-confirmation,21,deposit,0x151dbb5cceec63c2bff30d8cd46d89111d52f4da5a74ed7bc6cf1ba44d6639c4,112,1,192180,1000000779,133.675188,2026-09-03T09:13:24.524Z,2026-09-03T09:13:24.657Z
consumer-confirmation,21,submitRK,0x96b0332e65486868ad7d790ac6692b493a2349c361ab8373f8fa22bf80905e98,113,1,481875,1000000683,282.866785,2026-09-03T09:13:24.692Z,2026-09-03T09:13:24.974Z
consumer-confirmation,21,confirmReceipt,0x3dbc7cc90fd66849775e1d9c6154824117ed978b23ba39de32c828501f78378d,114,1,45266,1000000601,138.105567,2026-09-03T09:13:24.975Z,2026-09-03T09:13:25.113Z
consumer-confirmation,22,listData,0x0172cde39b02da0fdb509bf882f53e8d28c7e84bdfc7d6d9fb05333ad2eb386a,115,1,139278,1000000527,153.722477,2026-09-03T09:13:25.113Z,2026-09-03T09:13:25.267Z
consumer-confirmation,22,deposit,0x4d6a8260045f651f6ddaa7cc73d77202febaebb630520c7cde599cc3c0062abc,116,1,192180,1000000462,156.752519,2026-09-03T09:13:25.267Z,2026-09-03T09:13:25.424Z
consumer-confirmation,22,submitRK,0x51b8c640a44735baf0c002473c75ab89422c483cff75ca5537fc15732a14e889,117,1,481875,1000000405,271.612669,2026-09-03T09:13:25.463Z,2026-09-03T09:13:25.734Z
consumer-confirmation,22,confirmReceipt,0x3e607b68a6bfefffd8d9c90279093e7bbe309e2121c34299db2e436ee6e8331e,118,1,45266,1000000357,136.283827,2026-09-03T09:13:25.735Z,2026-09-03T09:13:25.871Z
consumer-confirmation,23,listData,0xef10aff22b07bfc6fa71da8f8db366a86c8582d33319b233d83916b1b1ab9a6e,119,1,139278,1000000313,132.190188,2026-09-03T09:13:25.871Z,2026-09-03T09:13:26.003Z
consumer-confirmation,23,deposit,0x331304a0f27cb2a3715d22fd990957a3f68841acd03946168d1c51f7f380cad9,120,1,192180,1000000275,138.245244,2026-09-03T09:13:26.004Z,2026-09-03T09:13:26.142Z
consumer-confirmation,23,submitRK,0x6ff1f43d4c71a1567e2aab614c9b37a8ffed3306ccee09840a17692df8f60b16,121,1,481834,1000000242,207.536961,2026-09-03T09:13:26.172Z,2026-09-03T09:13:26.380Z
consumer-confirmation,23,confirmReceipt,0x62de9d3f0133a99b3144d3f12083d3133f633d97ed1d325f3dcc886cae398843,122,1,45266,1000000213,131.399496,2026-09-03T09:13:26.380Z,2026-09-03T09:13:26.511Z
consumer-confirmation,24,listData,0x33a51c4dd9b1323747334f24cc6b3ca7c028294c4b25904aa708f9cb3cb1a217,123,1,139266,1000000187,150.908304,2026-09-03T09:13:26.512Z,2026-09-03T09:13:26.663Z
consumer-confirmation,24,deposit,0x5ffa804c135ec5a064f979a548fb78d162b503112c713d0210421382a99f1bbb,124,1,192168,1000000164,153.025901,2026-09-03T09:13:26.663Z,2026-09-03T09:13:26.816Z
consumer-confirmation,24,submitRK,0x0a4d9ff91bff1189d06916a06347e2239b74dab03077c1dfb546e0eb3119761a,125,1,481839,1000000144,263.075245,2026-09-03T09:13:26.847Z,2026-09-03T09:13:27.110Z
consumer-confirmation,24,confirmReceipt,0x00368ab66662241b6b967ebcee49b11b39db5ccbc1ddbff05f8cfe38b7603a74,126,1,45254,1000000127,142.604234,2026-09-03T09:13:27.111Z,2026-09-03T09:13:27.253Z
consumer-confirmation,25,listData,0xb79bd960fde2430e8d857a24c0b318c2656d12af63a18987909888af57bfe218,127,1,139278,1000000112,155.192828,2026-09-03T09:13:27.254Z,2026-09-03T09:13:27.409Z
consumer-confirmation,25,deposit,0x773b494b82a54255c651851c2965ae01ee003d31b55b4b82de6c4ac2f60655bb,128,1,192168,1000000099,174.262506,2026-09-03T09:13:27.409Z,2026-09-03T09:13:27.583Z
consumer-confirmation,25,submitRK,0x0dc65f98a10aada04206ec4277f11ba653c7aa1cf4c34f5d6c94ba23ecd348cb,129,1,481846,1000000087,261.353068,2026-09-03T09:13:27.614Z,2026-09-03T09:13:27.876Z
consumer-confirmation,25,confirmReceipt,0x104000922344803208176961fd19c3403d35bc7df365fcc5774402912bf07e18,130,1,45266,1000000077,117.419457,2026-09-03T09:13:27.876Z,2026-09-03T09:13:27.993Z
consumer-confirmation,26,listData,0xc553e681a69593df75c44724a78403af93544cdda6856a08eab6e614a1a4bcea,131,1,139278,1000000068,155.332295,2026-09-03T09:13:27.994Z,2026-09-03T09:13:28.149Z
consumer-confirmation,26,deposit,0x55121204adbb069a18cd1bc955c5335facca82ddc9e37fa6ff4a2fdcd993efad,132,1,192180,1000000060,157.353109,2026-09-03T09:13:28.149Z,2026-09-03T09:13:28.307Z
consumer-confirmation,26,submitRK,0x22bebe5306c5f115a401b73d6a83fe2def02929164999e6848743f4ba522a732,133,1,481875,1000000053,363.640901,2026-09-03T09:13:28.340Z,2026-09-03T09:13:28.703Z
consumer-confirmation,26,confirmReceipt,0xacc772951f26ac4c1cf8543f0138edb2ea60aeb6793d469f9ca4df818af6b09f,134,1,45266,1000000047,130.732196,2026-09-03T09:13:28.704Z,2026-09-03T09:13:28.834Z
consumer-confirmation,27,listData,0xed65193e59f68c6081ef76251d8dba0f62e92b188d9d635e12e4b0ed45684b6b,135,1,139278,1000000042,151.117633,2026-09-03T09:13:28.835Z,2026-09-03T09:13:28.986Z
consumer-confirmation,27,deposit,0x070b4c7f565ed40a478011e7e64acce00268c83f72ce5ba43a5ad3b534f319be,136,1,192180,1000000037,167.790043,2026-09-03T09:13:28.986Z,2026-09-03T09:13:29.154Z
consumer-confirmation,27,submitRK,0x3d68e77a626ee1efae5330d1a29a115ab9d8951528b13eb18c26fc7e7db70bb9,137,1,481834,1000000033,297.025535,2026-09-03T09:13:29.189Z,2026-09-03T09:13:29.486Z
consumer-confirmation,27,confirmReceipt,0xbada25e5e7a0d8e5167ea85d8d154886652fdd94db774ad1be49b4165fd4df57,138,1,45266,1000000030,149.593576,2026-09-03T09:13:29.486Z,2026-09-03T09:13:29.636Z
consumer-confirmation,28,listData,0xa1b708429e1dea68fd41910964b1f160bdb5d25e762dd0a7a619d96b8f91df0b,139,1,139278,1000000027,153.016335,2026-09-03T09:13:29.636Z,2026-09-03T09:13:29.789Z
consumer-confirmation,28,deposit,0x9ccbcab63a2a5e077c2efa60be7c149ab6808b25cc27a0bfda4b591a7fa2e8fc,140,1,192180,1000000024,184.927671,2026-09-03T09:13:29.789Z,2026-09-03T09:13:29.974Z
consumer-confirmation,28,submitRK,0x95218c395c2a5a5f4996f6e8e828e71dae42a43bc235a09454d7bd3cc76193dc,141,1,481863,1000000022,311.003342,2026-09-03T09:13:30.007Z,2026-09-03T09:13:30.318Z
consumer-confirmation,28,confirmReceipt,0x7f80663836beb8e4f12077b788f28791ddfac6189e65f01b27c11555b016dc09,142,1,45266,1000000020,133.706291,2026-09-03T09:13:30.318Z,2026-09-03T09:13:30.452Z
consumer-confirmation,29,listData,0x39e18612d34f2f3b87ff87d1c642d1bd9be711b781d4c039f366178a6ac14dca,143,1,139278,1000000018,146.280531,2026-09-03T09:13:30.452Z,2026-09-03T09:13:30.598Z
consumer-confirmation,29,deposit,0x54369dfa35838cb45edec3965d66112b65ccf99effc9d1c65fa6244267d66e72,144,1,192180,1000000016,152.925871,2026-09-03T09:13:30.599Z,2026-09-03T09:13:30.752Z
consumer-confirmation,29,submitRK,0x2b5d2d1f7094fe07ad2b8e06c02445d22f042229f27190e80eca48b796c486cc,145,1,481858,1000000015,251.487825,2026-09-03T09:13:30.784Z,2026-09-03T09:13:31.035Z
consumer-confirmation,29,confirmReceipt,0xbf386addc88406a43f40c5f8c61cc30c53b05f53be8e4844283f6fefba28cd72,146,1,45266,1000000014,120.383299,2026-09-03T09:13:31.035Z,2026-09-03T09:13:31.156Z
consumer-confirmation,30,listData,0xeaff87725def951c3ade729fc18ae6ad58cc6b4cb9b0ac87136fec881ecb8d29,147,1,139266,1000000013,145.811567,2026-09-03T09:13:31.156Z,2026-09-03T09:13:31.302Z
consumer-confirmation,30,deposit,0x071007e993a14b86070c0098ea08a0b56f519b826fdaf203d37a0ab69624df48,148,1,192168,1000000012,151.182875,2026-09-03T09:13:31.302Z,2026-09-03T09:13:31.454Z
consumer-confirmation,30,submitRK,0xa0cfe458499acad6051fa935cdb0f0a5621ded9639c6c8c9df1ac29661ca8838,149,1,481851,1000000011,205.178184,2026-09-03T09:13:31.485Z,2026-09-03T09:13:31.690Z
consumer-confirmation,30,confirmReceipt,0x95e239fb0113ab720140a16cfb028e3d94adc9cdfa52300af3a77e189f244353,150,1,45254,1000000010,112.428218,2026-09-03T09:13:31.691Z,2026-09-03T09:13:31.803Z
timeout-finalization,1,listData,0x0165d3945ef801ce24611013251d8f1879cf48c8dad7f4ab75cca6142f74acb8,151,1,139266,1000000009,129.315086,2026-09-03T09:13:31.803Z,2026-09-03T09:13:31.933Z
timeout-finalization,1,deposit,0xc1c6354f6f18807205f01fdd72492f5c3a1e19d48fb6d64ad7d0b1aad213c1dd,152,1,192180,1000000008,129.050922,2026-09-03T09:13:31.933Z,2026-09-03T09:13:32.062Z
timeout-finalization,1,submitRK,0xca10a44ddc8333bc6ab5c168f2f47fb1bbc1463e22252963bbdc86cc63f129f7,153,1,481858,1000000008,214.421443,2026-09-03T09:13:32.091Z,2026-09-03T09:13:32.305Z
timeout-finalization,1,finalizeAfterTimeout,0x6acf55fc95f97a27c84921492ffe023ed3ac36d44399f909c606d6d66a972592,155,1,42827,1000000007,110.813215,2026-09-03T09:13:32.330Z,2026-09-03T09:13:32.441Z
timeout-finalization,2,listData,0x265075a553fb83bb51388e9ea116678df6e8ace1a360fa506735ab402af2e27c,156,1,139278,1000000007,130.701053,2026-09-03T09:13:32.441Z,2026-09-03T09:13:32.572Z
timeout-finalization,2,deposit,0xa76e8872528e66c8ef5a3195c5e18a94f98af897f52d40f6905767117b95d7ae,157,1,192180,1000000007,129.112007,2026-09-03T09:13:32.572Z,2026-09-03T09:13:32.701Z
timeout-finalization,2,submitRK,0x08cd6d7cda49f8a17d8b6bd6dbb40d75441554fba9cdae0fc29385342c749fd9,158,1,481858,1000000007,216.959191,2026-09-03T09:13:32.731Z,2026-09-03T09:13:32.948Z
timeout-finalization,2,finalizeAfterTimeout,0x7d036302ee553f65aee2f4f1afd5d37e062d08e227847faad1edc0c18bf2e0dc,160,1,42827,1000000007,111.22138,2026-09-03T09:13:32.972Z,2026-09-03T09:13:33.083Z
timeout-finalization,3,listData,0x6e011e4e23cac8c835e7b72e1d31e8776e047488194470adcff7908b1a9bd9e8,161,1,139278,1000000007,131.910247,2026-09-03T09:13:33.084Z,2026-09-03T09:13:33.216Z
timeout-finalization,3,deposit,0xb9653e8d6be00e57895dba60c12965b68746a1acb98bd26cfe30aa4fa7e4c892,162,1,192180,1000000007,150.994231,2026-09-03T09:13:33.216Z,2026-09-03T09:13:33.367Z
timeout-finalization,3,submitRK,0x8cfa380bd7f6376e335912077210ea6127feea71fbe2aacb451370970d215cb8,163,1,481863,1000000007,302.731685,2026-09-03T09:13:33.401Z,2026-09-03T09:13:33.703Z
timeout-finalization,3,finalizeAfterTimeout,0xc670051786c229443c9bd5d9657570f72922864b89c198ef2a0ffe6fc5d56b73,165,1,42827,1000000007,134.673154,2026-09-03T09:13:33.727Z,2026-09-03T09:13:33.861Z
timeout-finalization,4,listData,0xdbbfd0b88be321d85cc806b7cfa7d57942dbae43708a57fc4a8aa8c22a5ddf24,166,1,139266,1000000007,158.475566,2026-09-03T09:13:33.862Z,2026-09-03T09:13:34.020Z
timeout-finalization,4,deposit,0x04f258d02eef9d49691d8ea0304642555581432b698f8aae8de919e431d2b0ce,167,1,192168,1000000007,173.410833,2026-09-03T09:13:34.021Z,2026-09-03T09:13:34.194Z
timeout-finalization,4,submitRK,0x56589b9250f50a79ae1d5e014246fdb69a71a0a67fa866f6a6e83e22490394cb,168,1,481851,1000000007,299.176045,2026-09-03T09:13:34.228Z,2026-09-03T09:13:34.528Z
timeout-finalization,4,finalizeAfterTimeout,0xbe4b66bf0fd76e2a3747c6952a769b6d5f6a01a7b460118f370535d14b525ec0,170,1,42815,1000000007,142.509743,2026-09-03T09:13:34.553Z,2026-09-03T09:13:34.695Z
timeout-finalization,5,listData,0xbefe2c407c16b7f570ddb10bc5a7fcdd10ab9ec4c477719b7544e9a7aeb52d61,171,1,139278,1000000007,129.19316,2026-09-03T09:13:34.696Z,2026-09-03T09:13:34.825Z
timeout-finalization,5,deposit,0xcd8414d9d3e92f9bb3580cfdaed401d6658476e45fe3cc4ca10485a33a030e0a,172,1,192180,1000000007,142.342738,2026-09-03T09:13:34.825Z,2026-09-03T09:13:34.967Z
timeout-finalization,5,submitRK,0x45b8a2a7ca2aced4021e6016b5790778389dad73bf0eebe84b89d34a2ef7b09f,173,1,481834,1000000007,204.40803,2026-09-03T09:13:34.998Z,2026-09-03T09:13:35.203Z
timeout-finalization,5,finalizeAfterTimeout,0xf49a2d76fb7733c168046a413929a31893142f3add0a4d1e7f9302550cc7f1fa,175,1,42827,1000000007,120.789858,2026-09-03T09:13:35.226Z,2026-09-03T09:13:35.346Z
timeout-finalization,6,listData,0x3de05bf2df0f68ad3eae3cc14611581e11a7d2b60a2d671bd7d130c4ad5ed66c,176,1,139266,1000000007,155.673628,2026-09-03T09:13:35.347Z,2026-09-03T09:13:35.502Z
timeout-finalization,6,deposit,0x948df78c390854d3de3fbfcf199d1339d3ffc63606a10f182f51331692c6e133,177,1,192180,1000000007,182.70125,2026-09-03T09:13:35.503Z,2026-09-03T09:13:35.685Z
timeout-finalization,6,submitRK,0x4af8bba67d6298fdef34806a7dbc544cc9167d93b8efcc4e498f6c70ebb7ee6b,178,1,481858,1000000007,216.832327,2026-09-03T09:13:35.714Z,2026-09-03T09:13:35.931Z
timeout-finalization,6,finalizeAfterTimeout,0x0e70508ed1f88bb94a3124fd5958831e54048f9c78a03ef8a2731bde18e1154c,180,1,42827,1000000007,123.891763,2026-09-03T09:13:35.955Z,2026-09-03T09:13:36.079Z
timeout-finalization,7,listData,0x54d35af5cc134145d273204fed8b095be34ce87c610b78a2334e59aeca1ae777,181,1,139278,1000000007,127.452967,2026-09-03T09:13:36.080Z,2026-09-03T09:13:36.207Z
timeout-finalization,7,deposit,0xc93f0ef2367d0064bb98d5535f91c138d8631e6093a993b884a6702e2efc74d6,182,1,192180,1000000007,138.169253,2026-09-03T09:13:36.207Z,2026-09-03T09:13:36.346Z
timeout-finalization,7,submitRK,0xac69398a42404d0aaa4d181465e867448e38ceed98be7f338d6e8cccc311f7f3,183,1,481846,1000000007,212.772594,2026-09-03T09:13:36.376Z,2026-09-03T09:13:36.589Z
timeout-finalization,7,finalizeAfterTimeout,0x217cd55d9273a98b8788619f978e74dfa4c260e3e3f732d002881675231f05f3,185,1,42827,1000000007,120.048875,2026-09-03T09:13:36.614Z,2026-09-03T09:13:36.734Z
timeout-finalization,8,listData,0xc8c0767fc8f13c364238bf051ce3c430e475d989d493cf06cc5d10e690b1c685,186,1,139278,1000000007,124.500802,2026-09-03T09:13:36.735Z,2026-09-03T09:13:36.859Z
timeout-finalization,8,deposit,0x0646bf47d95f99807c673ead4aba3a21dff909da0ecddc79e7251f2012afc2e4,187,1,192180,1000000007,169.63445,2026-09-03T09:13:36.860Z,2026-09-03T09:13:37.029Z
timeout-finalization,8,submitRK,0x618ccd7f4a54bcffccb4276a5b3a3232ae6035253f5201b3fe9269fb68a43d8f,188,1,481875,1000000007,310.42038,2026-09-03T09:13:37.063Z,2026-09-03T09:13:37.373Z
timeout-finalization,8,finalizeAfterTimeout,0x68903d8e8b0df9b6f795ee36a5660d8dae7c7ecbba444a0f48255eb41818e179,190,1,42827,1000000007,140.68882,2026-09-03T09:13:37.398Z,2026-09-03T09:13:37.538Z
timeout-finalization,9,listData,0xabee9e9bdedbf0853cc2c29183d43b26da8505049c90d81e30a281dce81e3ef3,191,1,139266,1000000007,160.238234,2026-09-03T09:13:37.539Z,2026-09-03T09:13:37.699Z
timeout-finalization,9,deposit,0x540dfd11d5c68ca005521474eef6957da24151a5433e122435afee826f7b38dc,192,1,192168,1000000007,168.972857,2026-09-03T09:13:37.699Z,2026-09-03T09:13:37.868Z
timeout-finalization,9,submitRK,0xf5d8e2d6f0cefdf43278eb2f7b0cb361942f5598d84a229713cebb0d0db88b43,193,1,481839,1000000007,272.653181,2026-09-03T09:13:37.900Z,2026-09-03T09:13:38.173Z
timeout-finalization,9,finalizeAfterTimeout,0x7464f555013e4d978abe6e7c3a277bdd8c4a45c42b4083d354f8c246d3df5178,195,1,42815,1000000007,142.290641,2026-09-03T09:13:38.198Z,2026-09-03T09:13:38.340Z
timeout-finalization,10,listData,0xfdcd23a3e653feedb974ece49825c96b74f65007b29d7d10a33bcaa496c66c6e,196,1,139266,1000000007,148.384772,2026-09-03T09:13:38.340Z,2026-09-03T09:13:38.489Z
timeout-finalization,10,deposit,0xb7dff58dd94d131148a896d455676be7720d316f412ae4cb622969e0f06a75bd,197,1,192180,1000000007,179.954111,2026-09-03T09:13:38.489Z,2026-09-03T09:13:38.669Z
timeout-finalization,10,submitRK,0x891e4e0997f09e7f42b9e578cce175e6a05cbf00acbb9b019c1138eb29394403,198,1,481875,1000000007,301.353495,2026-09-03T09:13:38.701Z,2026-09-03T09:13:39.003Z
timeout-finalization,10,finalizeAfterTimeout,0xae27290a2f117e8fc4f10edf6037af5af5834f05a3ef5d130bf1777f529bdcb1,200,1,42827,1000000007,134.484847,2026-09-03T09:13:39.027Z,2026-09-03T09:13:39.161Z
timeout-finalization,11,listData,0x801e9058bf488fc3c10a174bc919969a38a695d1ed64350a82bef3ae50721322,201,1,139278,1000000007,157.875584,2026-09-03T09:13:39.162Z,2026-09-03T09:13:39.319Z
timeout-finalization,11,deposit,0x17ab43673f02e5fd1eea9db383618df38ee665c5a0fa2cbd4aba4fcceebc9cef,202,1,192180,1000000007,170.849647,2026-09-03T09:13:39.320Z,2026-09-03T09:13:39.491Z
timeout-finalization,11,submitRK,0xeeceda1534109120a193b64d736aaa23a32b924956411454bd274c09db327eed,203,1,481875,1000000007,305.111657,2026-09-03T09:13:39.525Z,2026-09-03T09:13:39.831Z
timeout-finalization,11,finalizeAfterTimeout,0x7935ebe1e62dcd9c084f5b100b3cea233b4ba5adeee995354121ef06d24bb0b2,205,1,42827,1000000007,138.441773,2026-09-03T09:13:39.854Z,2026-09-03T09:13:39.992Z
timeout-finalization,12,listData,0x2de7c89eafee3fa108cd540c11dd6474b95117f1205cc291c8cbc30c01cea95e,206,1,139278,1000000007,153.71916,2026-09-03T09:13:39.993Z,2026-09-03T09:13:40.147Z
timeout-finalization,12,deposit,0x5494d9ce841174fd03f31eac229f2a3db1fc1b57b4abff5230e1420d45c9b319,207,1,192180,1000000007,168.12701,2026-09-03T09:13:40.147Z,2026-09-03T09:13:40.315Z
timeout-finalization,12,submitRK,0x059b7ecd923d522219531a4e912f6cd4cde240c4a7dc183a0f01244602e8551e,208,1,481846,1000000007,300.732742,2026-09-03T09:13:40.350Z,2026-09-03T09:13:40.651Z
timeout-finalization,12,finalizeAfterTimeout,0x5ec7ef040ec13a7ba678cfa27f8ac830410ff2d0a8673f816eefa57604ef735a,210,1,42827,1000000007,126.14172,2026-09-03T09:13:40.673Z,2026-09-03T09:13:40.799Z
timeout-finalization,13,listData,0x5870a4c6bab29072a03f780015aee6c5f52edcf92d40f6b58d61b06164b6a94f,211,1,139266,1000000007,141.98781,2026-09-03T09:13:40.800Z,2026-09-03T09:13:40.942Z
timeout-finalization,13,deposit,0xa7dc9a1468de87513fd6160a957f0cecb3defb847e07211ee7552f486c66fd04,212,1,192180,1000000007,142.848927,2026-09-03T09:13:40.942Z,2026-09-03T09:13:41.085Z
timeout-finalization,13,submitRK,0xc59174c2cecd9170b2ec5ba20a726d95921704aa6f6934f91733c2f60383fa06,213,1,481875,1000000007,212.014874,2026-09-03T09:13:41.120Z,2026-09-03T09:13:41.332Z
timeout-finalization,13,finalizeAfterTimeout,0x1d30a5d1ddb8e9f7d3ba0017c66a4cf21bf57731e73c28e7467973d102c2a9d6,215,1,42827,1000000007,131.837191,2026-09-03T09:13:41.355Z,2026-09-03T09:13:41.487Z
timeout-finalization,14,listData,0xc6886f8fbc88351404ae50dfd3fb43bb4d7a338de0c85977cad7cc6ff8b8f164,216,1,139266,1000000007,155.722166,2026-09-03T09:13:41.487Z,2026-09-03T09:13:41.643Z
timeout-finalization,14,deposit,0x4e3a26fed73736fac12d5ef45dcd1443e0bc81f06f5f9571569ee25a7186b492,217,1,192180,1000000007,171.02143,2026-09-03T09:13:41.643Z,2026-09-03T09:13:41.814Z
timeout-finalization,14,submitRK,0xa59a15a312469030cf40bc88dd3ed9547791eb14db3251ad533b8615fe581b1d,218,1,481863,1000000007,305.858305,2026-09-03T09:13:41.847Z,2026-09-03T09:13:42.153Z
timeout-finalization,14,finalizeAfterTimeout,0xb8a3f7522d4b966743b0a6dfffdf116b7b96356e987e79b7a92544ba359e8071,220,1,42827,1000000007,145.429501,2026-09-03T09:13:42.178Z,2026-09-03T09:13:42.324Z
timeout-finalization,15,listData,0x496b1ab426fb47c1a7deb3445192a555ad2b1a1900673ee87fd23ba8ea9cc1e3,221,1,139278,1000000007,157.038671,2026-09-03T09:13:42.324Z,2026-09-03T09:13:42.481Z
timeout-finalization,15,deposit,0xca5542227b43c824131252b7a20d5e7e2d79e079bf3174caecfc9b8b6340bdb7,222,1,192180,1000000007,141.233687,2026-09-03T09:13:42.482Z,2026-09-03T09:13:42.623Z
timeout-finalization,15,submitRK,0x3f30fbdd3f3463a832596442071a59fcaaccf8903e0b62681bb32062c3e536d2,223,1,481834,1000000007,328.938618,2026-09-03T09:13:42.653Z,2026-09-03T09:13:42.982Z
timeout-finalization,15,finalizeAfterTimeout,0x336ea17e560016e8905c682df2cf7ea0a58b1fa010ffef5b0543511ad609e523,225,1,42827,1000000007,133.487512,2026-09-03T09:13:43.007Z,2026-09-03T09:13:43.140Z
timeout-finalization,16,listData,0x3d34eb75987777aa9f2b9e8715032711e94ea384a11f481f68f5e67616f302f0,226,1,139278,1000000007,152.575413,2026-09-03T09:13:43.141Z,2026-09-03T09:13:43.293Z
timeout-finalization,16,deposit,0x7dcc9605bcd7fc55f192b877e4c578265a0f01de7fe947366c5cbafb6cff5f06,227,1,192180,1000000007,153.661271,2026-09-03T09:13:43.294Z,2026-09-03T09:13:43.448Z
timeout-finalization,16,submitRK,0x90c4e2d7764494ae96381ea7efd04d212fca2440cc119377b4b6bd54cb2bca5c,228,1,481846,1000000007,292.335864,2026-09-03T09:13:43.481Z,2026-09-03T09:13:43.773Z
timeout-finalization,16,finalizeAfterTimeout,0xf18f4ff383e01b41688d1722a2a040f30134a37144eed3bee5c866d49146d6a7,230,1,42827,1000000007,137.566124,2026-09-03T09:13:43.797Z,2026-09-03T09:13:43.934Z
timeout-finalization,17,listData,0xf6d1203d1cbaa37da9aa6953c183d4fe44cf865e5e748a7a9deafb46a582755c,231,1,139278,1000000007,148.887713,2026-09-03T09:13:43.935Z,2026-09-03T09:13:44.084Z
timeout-finalization,17,deposit,0xdfe8fbdbb031c5b7f79e9577afc71f8dca5f31a28c0e77a68418434cf2eeba44,232,1,192180,1000000007,146.406916,2026-09-03T09:13:44.084Z,2026-09-03T09:13:44.230Z
timeout-finalization,17,submitRK,0x8491fdb6af4b484ad28db560cca48ed78d4a9d9676ba2352fc77eb925257d261,233,1,481858,1000000007,298.104289,2026-09-03T09:13:44.265Z,2026-09-03T09:13:44.563Z
timeout-finalization,17,finalizeAfterTimeout,0x2677046381078f318d9c1cbfe1ab6f3152fe8fe691ad74e8f9f76f1ccb57a30b,235,1,42827,1000000007,112.545666,2026-09-03T09:13:44.586Z,2026-09-03T09:13:44.699Z
timeout-finalization,18,listData,0x53bff6b8529442f2ab368da31cd8eb285017f775a18478b594b3d1bfb345a113,236,1,139278,1000000007,128.894547,2026-09-03T09:13:44.699Z,2026-09-03T09:13:44.828Z
timeout-finalization,18,deposit,0xcbfb8e0883b514e9898cbd309ab153e781c1c1e1a2a0079222f099a560a2905a,237,1,192180,1000000007,158.963902,2026-09-03T09:13:44.829Z,2026-09-03T09:13:44.987Z
timeout-finalization,18,submitRK,0x14573b4504025307800de396b452aeb01978c2d2b9f9e544e797ee0b399aae5d,238,1,481863,1000000007,309.399448,2026-09-03T09:13:45.020Z,2026-09-03T09:13:45.330Z
timeout-finalization,18,finalizeAfterTimeout,0x093bd8c0ee1d03f04cfa6b532e997b92dac82cb3ed02e35d6da4f0941ed4bba8,240,1,42827,1000000007,138.595422,2026-09-03T09:13:45.354Z,2026-09-03T09:13:45.493Z
timeout-finalization,19,listData,0x9151b8c8432dd90ae7bb8bf47f010eb2256d6e7d8726cad824dd203b6c3e6b24,241,1,139278,1000000007,152.210638,2026-09-03T09:13:45.493Z,2026-09-03T09:13:45.645Z
timeout-finalization,19,deposit,0xf70c8183e625b79f5f40754e901850a9cf3e76da8151a9e8c8d70e9982469ce6,242,1,192180,1000000007,145.704789,2026-09-03T09:13:45.646Z,2026-09-03T09:13:45.791Z
timeout-finalization,19,submitRK,0x236b46325d4be545cb13d9a58adb393ad01e131651fe522bfd1fab684107be74,243,1,481858,1000000007,292.493017,2026-09-03T09:13:45.822Z,2026-09-03T09:13:46.114Z
timeout-finalization,19,finalizeAfterTimeout,0x3eec757a4337228838bd1b8ca60293ee851f05ba45de219d7b6a7666cefe312a,245,1,42827,1000000007,136.965662,2026-09-03T09:13:46.137Z,2026-09-03T09:13:46.274Z
timeout-finalization,20,listData,0xed761cef3c5bf9363daaa52b6eefbfdd321b924022f0aa034edfd4437dedd983,246,1,139266,1000000007,157.201509,2026-09-03T09:13:46.275Z,2026-09-03T09:13:46.432Z
timeout-finalization,20,deposit,0x96745d5b087f06b468b9612507337cbdbd108f40bbbfd282e38d56689595620c,247,1,192168,1000000007,178.024607,2026-09-03T09:13:46.432Z,2026-09-03T09:13:46.610Z
timeout-finalization,20,submitRK,0xd4f723c33520860447374baf7b688a0cd643e937442224b190356327ee4885cb,248,1,481839,1000000007,302.648642,2026-09-03T09:13:46.645Z,2026-09-03T09:13:46.947Z
timeout-finalization,20,finalizeAfterTimeout,0x8514e13e2e2107e14ec279adada8550d0980accb37a57ac9de5e5bb90b94f16f,250,1,42815,1000000007,155.464866,2026-09-03T09:13:46.970Z,2026-09-03T09:13:47.126Z
timeout-finalization,21,listData,0x225ed36192901153d0a75e9529728e1f9932a9050238f8234191e946c59e4f38,251,1,139266,1000000007,154.756559,2026-09-03T09:13:47.126Z,2026-09-03T09:13:47.281Z
timeout-finalization,21,deposit,0x0431233368d38654d285f2710043558a0ddf8a56968300f28e42177fcced56c2,252,1,192180,1000000007,187.244274,2026-09-03T09:13:47.281Z,2026-09-03T09:13:47.469Z
timeout-finalization,21,submitRK,0x0f9f97728306aca1e4384ae30ebe66c679775a01b185de2562aa399d14b82103,253,1,481839,1000000007,312.449002,2026-09-03T09:13:47.503Z,2026-09-03T09:13:47.816Z
timeout-finalization,21,finalizeAfterTimeout,0xf9c692d12ab60bb02ad6c72b60bbc87a5c9f4692e7808a8ad3c32f031a8c9bf7,255,1,42827,1000000007,132.522759,2026-09-03T09:13:47.839Z,2026-09-03T09:13:47.971Z
timeout-finalization,22,listData,0x4f6f1fd864dbdb3395169141781e84e11c3b44c6a1972d2b41d0f9839450b16f,256,1,139278,1000000007,145.168541,2026-09-03T09:13:47.972Z,2026-09-03T09:13:48.117Z
timeout-finalization,22,deposit,0x342cfd25f7a13aa3fea9602c931b9d9341a37871e367ec484d551ccefdd87f0a,257,1,192180,1000000007,165.027558,2026-09-03T09:13:48.117Z,2026-09-03T09:13:48.282Z
timeout-finalization,22,submitRK,0xcd0639a3e5f318978a6aa968e0c55753a3d545750543df1f331d6fa936fdd6d4,258,1,481846,1000000007,332.779274,2026-09-03T09:13:48.316Z,2026-09-03T09:13:48.649Z
timeout-finalization,22,finalizeAfterTimeout,0x2061444cea8e08c5803655996a3f2e4233e3381fc8f3b470865fac8af21d50db,260,1,42827,1000000007,142.321377,2026-09-03T09:13:48.676Z,2026-09-03T09:13:48.818Z
timeout-finalization,23,listData,0x09a422d61163db48a41bbdb0a31f82f2c0c2cd982a589190ffa2f1da51733893,261,1,139278,1000000007,160.270536,2026-09-03T09:13:48.819Z,2026-09-03T09:13:48.979Z
timeout-finalization,23,deposit,0xb163a7d15c37076ee90ac79b4c2a259c1210da8a4f79b0d9039bb1763ed3dc2d,262,1,192180,1000000007,176.60189,2026-09-03T09:13:48.979Z,2026-09-03T09:13:49.156Z
timeout-finalization,23,submitRK,0x2b93c42c66ba27bbcccedd4e1001d3f84a2017f1b896ffcd3d818b5d997be1d1,263,1,481875,1000000007,292.568068,2026-09-03T09:13:49.187Z,2026-09-03T09:13:49.480Z
timeout-finalization,23,finalizeAfterTimeout,0x8f8be41455cf8fa818418115c45f4516a56e0dfa1ca398db502f45b3b0113f81,265,1,42827,1000000007,143.023184,2026-09-03T09:13:49.503Z,2026-09-03T09:13:49.646Z
timeout-finalization,24,listData,0x04ec048f994872da41c22be288d5eff4dd669009d2a2aedd13bfa1a880b09660,266,1,139278,1000000007,162.731564,2026-09-03T09:13:49.646Z,2026-09-03T09:13:49.809Z
timeout-finalization,24,deposit,0xce79d389b8552a9c5ba52f800d1705b0e0fa31d24ff79851ac25abf701c13e42,267,1,192180,1000000007,177.68893,2026-09-03T09:13:49.809Z,2026-09-03T09:13:49.987Z
timeout-finalization,24,submitRK,0xefe40a2589c6628c3911e08a0b7624b5073ac4ad89701212e91e1fb32c0a1ce1,268,1,481875,1000000007,299.474616,2026-09-03T09:13:50.021Z,2026-09-03T09:13:50.320Z
timeout-finalization,24,finalizeAfterTimeout,0x00eafa17eecc7990da2c3a436c6bd267794ab989c4f6f762094a14dc4f701121,270,1,42827,1000000007,150.159788,2026-09-03T09:13:50.346Z,2026-09-03T09:13:50.496Z
timeout-finalization,25,listData,0x946ca4adb41288824c7d32b6eeaa1025b6d32fb75f3902d16f32613297b832c3,271,1,139278,1000000007,155.932945,2026-09-03T09:13:50.496Z,2026-09-03T09:13:50.652Z
timeout-finalization,25,deposit,0x1b179dd51508f4385e18875002d8b3880263f17156ad350a97f02de6d3571ba6,272,1,192180,1000000007,187.859119,2026-09-03T09:13:50.653Z,2026-09-03T09:13:50.841Z
timeout-finalization,25,submitRK,0x586391ad05a166eb9769163977c57e24a1bbdac811472d630f6d6c464deae7fe,273,1,481858,1000000007,293.304961,2026-09-03T09:13:50.874Z,2026-09-03T09:13:51.167Z
timeout-finalization,25,finalizeAfterTimeout,0x65e82da7200db9dbbc76113be1e65bf67e28c47226d995980b308cbdf14893a2,275,1,42827,1000000007,119.05529,2026-09-03T09:13:51.191Z,2026-09-03T09:13:51.310Z
timeout-finalization,26,listData,0x07b0e45c3b518dc104c21311111ae6817891190c6b43840d5cc6e1319f289803,276,1,139278,1000000007,146.507362,2026-09-03T09:13:51.311Z,2026-09-03T09:13:51.457Z
timeout-finalization,26,deposit,0x0374193093d39d14c181455ab7bc70a6f2e368f0321c3dedfef28a71f79ad3fb,277,1,192180,1000000007,147.309055,2026-09-03T09:13:51.458Z,2026-09-03T09:13:51.605Z
timeout-finalization,26,submitRK,0x910b6abd6e95a9cb1a23274459646e36a09d3fe7490a20f64052ba499dbfa2c1,278,1,481875,1000000007,247.477623,2026-09-03T09:13:51.639Z,2026-09-03T09:13:51.886Z
timeout-finalization,26,finalizeAfterTimeout,0x99e92a57e15c418dee6af34a76c53dca2c41c6cc27ec0f9199e35ff0e95d301c,280,1,42827,1000000007,112.05356,2026-09-03T09:13:51.913Z,2026-09-03T09:13:52.025Z
timeout-finalization,27,listData,0x0656fe9e81fe4892fbd4fb039a4e0d27011110a6ba41815a270768bd54a57c79,281,1,139266,1000000007,128.988421,2026-09-03T09:13:52.025Z,2026-09-03T09:13:52.154Z
timeout-finalization,27,deposit,0x360cf43a4a9b91bf5ff20a2bcedcdaa8d64400d36f584d97c4f9c598507a8eaa,282,1,192180,1000000007,130.653613,2026-09-03T09:13:52.154Z,2026-09-03T09:13:52.285Z
timeout-finalization,27,submitRK,0x0ff7ffb5a14665585c10371a24169100ebc633936be7612df87ee689977ae81a,283,1,481875,1000000007,231.47421,2026-09-03T09:13:52.315Z,2026-09-03T09:13:52.546Z
timeout-finalization,27,finalizeAfterTimeout,0xfc6cb277d1e309886fefda13f92a7241baa1f2c686a9c9b4596a859eb35d75b1,285,1,42827,1000000007,132.133947,2026-09-03T09:13:52.570Z,2026-09-03T09:13:52.702Z
timeout-finalization,28,listData,0x24677d50935d37d7d2f50618d77ccc0ff68127fb3980f7c22ce29958f4ee78de,286,1,139278,1000000007,160.845833,2026-09-03T09:13:52.703Z,2026-09-03T09:13:52.864Z
timeout-finalization,28,deposit,0x287308aef4d6bdd60c51ef1e272bc766eddace5d46f081da3802ba06b5ae58d2,287,1,192180,1000000007,161.673032,2026-09-03T09:13:52.864Z,2026-09-03T09:13:53.026Z
timeout-finalization,28,submitRK,0x0f743d1e1965bbf5cdb4e01d7d44b3db2bfd0dfc905e0d28ae7ef63c79a24b7d,288,1,481846,1000000007,244.703724,2026-09-03T09:13:53.060Z,2026-09-03T09:13:53.304Z
timeout-finalization,28,finalizeAfterTimeout,0xac5657aa5874f8b5dd7b2b12496a9569bb7fe49c32ea2cdcac281d17c74bb205,290,1,42827,1000000007,144.417655,2026-09-03T09:13:53.329Z,2026-09-03T09:13:53.473Z
timeout-finalization,29,listData,0x3e365e40845e57420588a3ea9d9d556f5095f74232d85175d578180f8e0206f5,291,1,139278,1000000007,152.475074,2026-09-03T09:13:53.474Z,2026-09-03T09:13:53.626Z
timeout-finalization,29,deposit,0xae5edc76f9a425ed65d48fbd6d82a5720e82d57acc2415fd4d2b49365ebb151c,292,1,192180,1000000007,158.297214,2026-09-03T09:13:53.626Z,2026-09-03T09:13:53.785Z
timeout-finalization,29,submitRK,0xc49efe7fcc1cc367d45bc029d0bcba8c5f87d482a230d21681ec0c3b8ca637dc,293,1,481858,1000000007,270.870842,2026-09-03T09:13:53.817Z,2026-09-03T09:13:54.088Z
timeout-finalization,29,finalizeAfterTimeout,0x4847077945e6d77320fd03aa9433a234295f4f5307c3e67017c471b67931edec,295,1,42827,1000000007,116.282002,2026-09-03T09:13:54.112Z,2026-09-03T09:13:54.228Z
timeout-finalization,30,listData,0xf6df954bce0b609155bfa69e6c10a83bb87698641e64419a77c5c88de0e8ebce,296,1,139278,1000000007,151.585566,2026-09-03T09:13:54.229Z,2026-09-03T09:13:54.380Z
timeout-finalization,30,deposit,0x79beb2e4734d44da7c6cc4666e905542047e53dc11656462d532070ce59dc91f,297,1,192180,1000000007,169.680973,2026-09-03T09:13:54.381Z,2026-09-03T09:13:54.550Z
timeout-finalization,30,submitRK,0xe7e0a83ac1ca55098ee85d17b62483cc2912b4214012e034dbef82b289df97df,298,1,481858,1000000007,304.714731,2026-09-03T09:13:54.581Z,2026-09-03T09:13:54.886Z
timeout-finalization,30,finalizeAfterTimeout,0xb339c2e2cbe85ee63481480a5f1c8afd6b9192cc97e2199a8c3cb39ba0d855d9,300,1,42827,1000000007,149.494051,2026-09-03T09:13:54.911Z,2026-09-03T09:13:55.061Z
dispute,1,listData,0x9ffcd28979abce7d485c45375aa73173c4ce59964e0daf370bf9b26b26d5bae7,301,1,139278,1000000007,158.065501,2026-09-03T09:13:55.061Z,2026-09-03T09:13:55.219Z
dispute,1,deposit,0xbbb34feafe784c791fdec8fc6ca0d08e115a12a46027a5c06da07116df980dfe,302,1,192180,1000000007,193.416811,2026-09-03T09:13:55.220Z,2026-09-03T09:13:55.413Z
dispute,1,submitRK,0xbaad09efe5887acb937ab02154361c0b5cbea438668d786e86063314aa2143da,303,1,481846,1000000007,265.983171,2026-09-03T09:13:55.447Z,2026-09-03T09:13:55.713Z
dispute,1,submitDispute,0x8d1df738b00267df8baea17c1ec3a2ab3aeeb45f103bb0ec3e2c15fdc022bf39,304,1,82876,1000000007,125.031187,2026-09-03T09:13:55.713Z,2026-09-03T09:13:55.838Z
dispute,2,listData,0x7ccc69a838d0125fb0e7de816d920fc66009c0d4193b7814b37f3d4dd7fd8c6c,305,1,139278,1000000007,130.945914,2026-09-03T09:13:55.839Z,2026-09-03T09:13:55.970Z
dispute,2,deposit,0xe8c7258a05c4d47b60da15e9dfb1760e467a526339dbc655409a5781a54f4b79,306,1,192180,1000000007,132.573155,2026-09-03T09:13:55.970Z,2026-09-03T09:13:56.102Z
dispute,2,submitRK,0x6943c454bd0d7e35c01b91005453514092b9a0ee7339915a0c0b791166bd836d,307,1,481875,1000000007,212.673025,2026-09-03T09:13:56.133Z,2026-09-03T09:13:56.345Z
dispute,2,submitDispute,0x5aaa30a2ffedd03249faaa316ccd01fde5197b830e647d9c5f04c7cdc59373b4,308,1,82876,1000000007,116.492787,2026-09-03T09:13:56.346Z,2026-09-03T09:13:56.462Z
dispute,3,listData,0x608b551e6ae1af04ad330023f363c6c44e6c447b26e8e93467349ffc88eb9801,309,1,139278,1000000007,131.219326,2026-09-03T09:13:56.463Z,2026-09-03T09:13:56.594Z
dispute,3,deposit,0x703a92b179f04f7025e9584766dc2f155066487bc8cda843c87f9290ce046533,310,1,192180,1000000007,128.959176,2026-09-03T09:13:56.594Z,2026-09-03T09:13:56.723Z
dispute,3,submitRK,0x283978dc760ec546bbfacd6823d8d023a7270fc25d2b61dca11684f2cd949ece,311,1,481858,1000000007,211.5713,2026-09-03T09:13:56.791Z,2026-09-03T09:13:57.002Z
dispute,3,submitDispute,0x223a76b7258654b3c8f5199dca5afa90aeb0bfe04bd15f2173acf0e580e70b25,312,1,82864,1000000007,111.719652,2026-09-03T09:13:57.003Z,2026-09-03T09:13:57.115Z
dispute,4,listData,0x3a0fed3383eb9753121dbdb21e8f83cfd6983950dd284ab66317cb444382b472,313,1,139278,1000000007,164.519037,2026-09-03T09:13:57.115Z,2026-09-03T09:13:57.280Z
dispute,4,deposit,0x695c82b6fc19256498cb0bb789ed74a23b26c192fe8e27a46ec42c5811bbe0d8,314,1,192168,1000000007,184.192683,2026-09-03T09:13:57.280Z,2026-09-03T09:13:57.464Z
dispute,4,submitRK,0x0a799ab978727bd3f46a0890487cabd0b2f37d934a9fa1edafac755243d60813,315,1,481839,1000000007,318.672,2026-09-03T09:13:57.499Z,2026-09-03T09:13:57.818Z
dispute,4,submitDispute,0xd8474c793a44c4e7fada52ec1dcf4d8536a6de8e38ae1e5ca87f2d2eb9efce62,316,1,82876,1000000007,141.361047,2026-09-03T09:13:57.818Z,2026-09-03T09:13:57.960Z
dispute,5,listData,0x7110e8d6ee78cafbff36a2fc5675929af083f9b0ba738a7c8bf36151791173fa,317,1,139278,1000000007,143.384177,2026-09-03T09:13:57.960Z,2026-09-03T09:13:58.103Z
dispute,5,deposit,0xa593628849ad3b732bf31c823cefd4853fa6224267f4e22b57179d9f93b38e68,318,1,192180,1000000007,158.339368,2026-09-03T09:13:58.104Z,2026-09-03T09:13:58.262Z
dispute,5,submitRK,0xa3fa35782ee31cd1646aa0a142f8498f5c0407f418637d84363d3a41dd58fdf4,319,1,481858,1000000007,308.895838,2026-09-03T09:13:58.295Z,2026-09-03T09:13:58.604Z
dispute,5,submitDispute,0xd6234b16c07ca60f2637bc970f38eaccf16cda8dff983ca1c7130f6d5c1065a6,320,1,82876,1000000007,141.494987,2026-09-03T09:13:58.605Z,2026-09-03T09:13:58.746Z
dispute,6,listData,0xac1b88442b6c21b88679313f7ee832e948fb7bb1ca6d90f623d3cda5d448d4ea,321,1,139278,1000000007,151.878238,2026-09-03T09:13:58.747Z,2026-09-03T09:13:58.898Z
dispute,6,deposit,0x0ee333d9f50c3a1a4b9d6a55aa0f0930f6bf8cc4bdb51094ba3a1af8648b13db,322,1,192180,1000000007,162.8376,2026-09-03T09:13:58.899Z,2026-09-03T09:13:59.062Z
dispute,6,submitRK,0xd4d04144af29dfa3f4d0a860187027017e06740ecc995ced963901371bd1ab0c,323,1,481846,1000000007,257.283779,2026-09-03T09:13:59.092Z,2026-09-03T09:13:59.350Z
dispute,6,submitDispute,0x0778977fa80ff04a281d0b30708072a9a11b9fda562d311a4165ca978374a7dd,324,1,82864,1000000007,122.088453,2026-09-03T09:13:59.350Z,2026-09-03T09:13:59.472Z
dispute,7,listData,0x5ba42ff83574c4f58927cc3fca160fac8c30b525af993ec589234d20f2008cd1,325,1,139266,1000000007,142.004928,2026-09-03T09:13:59.473Z,2026-09-03T09:13:59.615Z
dispute,7,deposit,0x5872a4947447c541e8851932e0b5a268473bf8021d69ccd8cf44fa10a98308c1,326,1,192168,1000000007,151.476186,2026-09-03T09:13:59.615Z,2026-09-03T09:13:59.766Z
dispute,7,submitRK,0xdae75ce1743170fc4b7fa91ab855ab0cf747324f5c407fff457578aa083f8036,327,1,481822,1000000007,249.552083,2026-09-03T09:13:59.798Z,2026-09-03T09:14:00.047Z
dispute,7,submitDispute,0x4ecb897e6b5a3375fce3367d8db2e3fd6cc234d8054629c1a67b457a4d6b5c5e,328,1,82864,1000000007,123.213708,2026-09-03T09:14:00.047Z,2026-09-03T09:14:00.171Z
dispute,8,listData,0x8a43eea09090d4d26bfeb3964430e8c4a29038011bc199c73f88df02cc9f0a42,329,1,139278,1000000007,144.95906,2026-09-03T09:14:00.171Z,2026-09-03T09:14:00.316Z
dispute,8,deposit,0x1da7720cc6ed8127036e0153473b04dae751b46b8cf2e263fb32cb1ead4b5bc9,330,1,192180,1000000007,150.827927,2026-09-03T09:14:00.316Z,2026-09-03T09:14:00.467Z
dispute,8,submitRK,0xcaac190b4dfeb0ce083d61b1fc95e9bc743dd54935b5fcc41835ad2db019c54d,331,1,481834,1000000007,266.470945,2026-09-03T09:14:00.499Z,2026-09-03T09:14:00.765Z
dispute,8,submitDispute,0x2faad6c68e1271beb82eaf596382dca978a58a8d2d7644675b66b4bea4554652,332,1,82864,1000000007,139.111007,2026-09-03T09:14:00.766Z,2026-09-03T09:14:00.905Z
dispute,9,listData,0x3434df869347d50a8cc5311a67a1c12bf32635c52a4e2afc5bfb96612a9ea601,333,1,139278,1000000007,153.964547,2026-09-03T09:14:00.905Z,2026-09-03T09:14:01.059Z
dispute,9,deposit,0x9f41f24af14037e1c47c53d3bd44e18c7dd9c5612cc56a493366279fa495c02d,334,1,192180,1000000007,165.747331,2026-09-03T09:14:01.059Z,2026-09-03T09:14:01.225Z
dispute,9,submitRK,0x8b040f4b561307df08d5495a50520e4e866964aeea413a6a100c94854f74e1f0,335,1,481863,1000000007,305.371055,2026-09-03T09:14:01.259Z,2026-09-03T09:14:01.565Z
dispute,9,submitDispute,0xa6fbf205bd8fcde6ad6b7e83cca549565ce3256bceb1c2a1e7b9b220f81c7a58,336,1,82876,1000000007,146.340342,2026-09-03T09:14:01.565Z,2026-09-03T09:14:01.711Z
dispute,10,listData,0xe92849bd7665a1622c80c486f2577cef44c313bbea8bf995b98194ee8cd049fb,337,1,139278,1000000007,141.076669,2026-09-03T09:14:01.712Z,2026-09-03T09:14:01.853Z
dispute,10,deposit,0xe04b9b98c9cb3399398a23e4702f7f86e8b626ffdb67bbbe4d4521ea34570c15,338,1,192180,1000000007,149.666681,2026-09-03T09:14:01.853Z,2026-09-03T09:14:02.003Z
dispute,10,submitRK,0xf5d2488778ec6a1e8a7490b7de9c923eb3a9c1bdd233e4aa1205487dece703fd,339,1,481846,1000000007,246.823427,2026-09-03T09:14:02.035Z,2026-09-03T09:14:02.282Z
dispute,10,submitDispute,0x2b04edc26fd11be638c228a0017caee20ff7582bfaba88530dac9cd43777fefa,340,1,82864,1000000007,138.489017,2026-09-03T09:14:02.282Z,2026-09-03T09:14:02.420Z
dispute,11,listData,0x4c68303cde9b5276f79de600e7384b8a55fc6e34039b0339f118f13dc4d070a3,341,1,139278,1000000007,129.687688,2026-09-03T09:14:02.421Z,2026-09-03T09:14:02.550Z
dispute,11,deposit,0x63d3dafccd96ed02d7dd4164279865da40879a2c8e312524241ddfc63fdf8eba,342,1,192180,1000000007,146.227542,2026-09-03T09:14:02.551Z,2026-09-03T09:14:02.697Z
dispute,11,submitRK,0x697007d2ffa2cce96d9fbe7c1e4f0af77e4483f052a704e71e036d59dbad09c0,343,1,481875,1000000007,280.36445,2026-09-03T09:14:02.731Z,2026-09-03T09:14:03.012Z
dispute,11,submitDispute,0x9d843276d00893e89e983e6f8a8ba9542a263008718cc99c16268982189e88c3,344,1,82876,1000000007,113.730868,2026-09-03T09:14:03.012Z,2026-09-03T09:14:03.126Z
dispute,12,listData,0xd021c68c373482704a32538d147e2f1e73ccc25c851011002d8521a471ef1572,345,1,139266,1000000007,130.216502,2026-09-03T09:14:03.126Z,2026-09-03T09:14:03.257Z
dispute,12,deposit,0x3fd46d6bf12333020b5e9b439796cc0934faa0bce7cb291f3473035e2ec3c320,346,1,192168,1000000007,150.365436,2026-09-03T09:14:03.257Z,2026-09-03T09:14:03.407Z
dispute,12,submitRK,0x8e5d17c8f96701128c0a615cf5bdb37083e5752f8bf05f4699ebfac5daa18512,347,1,481834,1000000007,316.112598,2026-09-03T09:14:03.437Z,2026-09-03T09:14:03.753Z
dispute,12,submitDispute,0x67b576a909309e88e8598df4fc50e774a18951f08b546847aba7c5505bfe8f3b,348,1,82852,1000000007,133.584835,2026-09-03T09:14:03.754Z,2026-09-03T09:14:03.888Z
dispute,13,listData,0x1082ed90a1e894e167b9d4987c35fe2e9f37881e82fe9d133750f617900095af,349,1,139278,1000000007,151.078103,2026-09-03T09:14:03.888Z,2026-09-03T09:14:04.039Z
dispute,13,deposit,0xb48c58e92d1c18b2d7d339a93769ece71e43d9bf5491d9b2216606f19b0d48c3,350,1,192180,1000000007,165.323854,2026-09-03T09:14:04.039Z,2026-09-03T09:14:04.205Z
dispute,13,submitRK,0x320079a934a225fa8ee504093140c1f214129682c141a15f0b912f8472f44b54,351,1,481863,1000000007,235.186862,2026-09-03T09:14:04.234Z,2026-09-03T09:14:04.469Z
dispute,13,submitDispute,0xe1b3ed0eeddc3d9fd804afcb0cc210d2364aa7d4cb65b1a6e117f6b83e0de260,352,1,82852,1000000007,127.95963,2026-09-03T09:14:04.470Z,2026-09-03T09:14:04.598Z
dispute,14,listData,0x473e04629c21ad41c45346b757a884592640582279bf87f8e273ac42b04aa6cc,353,1,139278,1000000007,156.293863,2026-09-03T09:14:04.598Z,2026-09-03T09:14:04.754Z
dispute,14,deposit,0x7c281625630badbf5ea8a7a6b189c6cb4fbe9bac538d8ad210d677c808dd8299,354,1,192180,1000000007,173.534515,2026-09-03T09:14:04.755Z,2026-09-03T09:14:04.928Z
dispute,14,submitRK,0x30f8f89ec805edac6820738ee9286862468455d978be46a26cedf343210323ef,355,1,481875,1000000007,260.74421,2026-09-03T09:14:04.961Z,2026-09-03T09:14:05.222Z
dispute,14,submitDispute,0xb6270304199d56d96bc71ff0f78218c73db24b33a4af79bac4628d71ad734149,356,1,82852,1000000007,122.698619,2026-09-03T09:14:05.222Z,2026-09-03T09:14:05.345Z
dispute,15,listData,0xd052ec1dd99e6b2bc05078b1618f47ad456bf2cda2d7f57d06df9ba201c99c77,357,1,139278,1000000007,142.594984,2026-09-03T09:14:05.345Z,2026-09-03T09:14:05.488Z
dispute,15,deposit,0xdc93bf34ef4dd97d7bb1f2d5a6702cd5b29305c9c1d91e8b27366bb1c1795a0a,358,1,192180,1000000007,148.009589,2026-09-03T09:14:05.488Z,2026-09-03T09:14:05.636Z
dispute,15,submitRK,0x9d7ef679a53340f40b69d842b32bf060bc4e47e0303ee6ef6831c77933d90ff6,359,1,481851,1000000007,207.574788,2026-09-03T09:14:05.667Z,2026-09-03T09:14:05.874Z
dispute,15,submitDispute,0xa96ee0299ad9f0836b5a8bbd84b7d315f5788210801f6126c3054cf6ca2429a2,360,1,82876,1000000007,116.301716,2026-09-03T09:14:05.875Z,2026-09-03T09:14:05.991Z
dispute,16,listData,0x8303fb57fd182741be4ada48152eb6fdeb32bbc97c6ca9154161f8d88a1b5a7b,361,1,139278,1000000007,136.607026,2026-09-03T09:14:05.991Z,2026-09-03T09:14:06.128Z
dispute,16,deposit,0xc587763138d61d0c63dcf57e6644a6c120418d1bdd0ea8e36d632d1296d2e835,362,1,192180,1000000007,174.102361,2026-09-03T09:14:06.128Z,2026-09-03T09:14:06.302Z
dispute,16,submitRK,0xa98a5103b458efbf95825db8ef6657e3f7a1db2bda7234a7822eea7e3718eb8e,363,1,461934,1000000007,330.225645,2026-09-03T09:14:06.336Z,2026-09-03T09:14:06.666Z
dispute,16,submitDispute,0x4a34f94802230e4d77b3741a2dd05bb931ffee10ccb2891d7b0bc7c0e684302b,364,1,82876,1000000007,154.709682,2026-09-03T09:14:06.666Z,2026-09-03T09:14:06.821Z
dispute,17,listData,0x90cf83eaded42881a4289369ef647278c65d5dac0576d8b1e6ffcac43454006c,365,1,139278,1000000007,153.364595,2026-09-03T09:14:06.825Z,2026-09-03T09:14:06.978Z
dispute,17,deposit,0x2324dfca09dce2e10e293f8b5f682c47cea791e28c727718145a4c66d096eeb2,366,1,192180,1000000007,183.703428,2026-09-03T09:14:06.979Z,2026-09-03T09:14:07.162Z
dispute,17,submitRK,0x01b5d8e5a5126769d318456e9e25903b020da843c41eb70a37dc56636768d7d9,367,1,481846,1000000007,284.093233,2026-09-03T09:14:07.196Z,2026-09-03T09:14:07.480Z
dispute,17,submitDispute,0xf649334efaaf602a9e4f6042a06744079cca6e539a3853d1f698b3baaec0d9ae,368,1,82876,1000000007,122.437745,2026-09-03T09:14:07.480Z,2026-09-03T09:14:07.603Z
dispute,18,listData,0xc1b6c7a67919ad9f4f2f498a730e9a32e0d6f5e98d9f1f07fb849035289829c5,369,1,139278,1000000007,141.794551,2026-09-03T09:14:07.603Z,2026-09-03T09:14:07.745Z
dispute,18,deposit,0x63f4849fa4e87a751e0ef513466849f99375b089041b7a05978be9ef86a56352,370,1,192180,1000000007,132.947093,2026-09-03T09:14:07.745Z,2026-09-03T09:14:07.878Z
dispute,18,submitRK,0x576fa1d65f592246293a308d0a1a5747881333beec42628cd8a9f3123b46b890,371,1,481858,1000000007,305.316644,2026-09-03T09:14:07.913Z,2026-09-03T09:14:08.218Z
dispute,18,submitDispute,0xe699ac156b50912d4629f4b22621c1057ab8a1aaafa08791215b22e4678f2590,372,1,82876,1000000007,131.740986,2026-09-03T09:14:08.218Z,2026-09-03T09:14:08.350Z
dispute,19,listData,0x2c42a43950f25054612509a9d8af1ab11b1ca9778e50a7e95b212c329dc45fc5,373,1,139266,1000000007,141.603001,2026-09-03T09:14:08.350Z,2026-09-03T09:14:08.492Z
dispute,19,deposit,0x2acb59ece0b3c3fefc2d197e96328c4a093e0c6538f99cfd0f2cbafc4aa39570,374,1,192168,1000000007,162.022216,2026-09-03T09:14:08.492Z,2026-09-03T09:14:08.654Z
dispute,19,submitRK,0x9a515e3b7ab0aed99d8f466ea7fdd0ea70216064cf538668eb51083b9135086f,375,1,481851,1000000007,245.94973,2026-09-03T09:14:08.685Z,2026-09-03T09:14:08.931Z
dispute,19,submitDispute,0x09cec37420fab432d51b80283d3654dbb15cc82061bf0e07560be7d875084c11,376,1,82864,1000000007,128.391335,2026-09-03T09:14:08.932Z,2026-09-03T09:14:09.060Z
dispute,20,listData,0x3b5e87262df191d0ea5641ae03e64e1850ebdee483caa4a73b6e2b6d8e97185a,377,1,139266,1000000007,141.73916,2026-09-03T09:14:09.061Z,2026-09-03T09:14:09.203Z
dispute,20,deposit,0x6b82a3e502b74d70a1fde2eeb3b9e59a25267fa5ec363b830b8f152d028fabbd,378,1,192180,1000000007,153.608377,2026-09-03T09:14:09.203Z,2026-09-03T09:14:09.356Z
dispute,20,submitRK,0xf648ad90cb8d6c03c5fa700f9f965b9980ca4f614fec4f5d73744b9f9105a279,379,1,481846,1000000007,271.837233,2026-09-03T09:14:09.387Z,2026-09-03T09:14:09.659Z
dispute,20,submitDispute,0x2ef3a78f40ab61d496a4841a26bcad5d3ab5fa74b419066ee7597b4326d31756,380,1,82864,1000000007,125.592249,2026-09-03T09:14:09.660Z,2026-09-03T09:14:09.785Z
dispute,21,listData,0x893fd2219f3abd3dbca1dc7611306d6653288d6749ca19fd13807c53ff957ad1,381,1,139278,1000000007,150.76977,2026-09-03T09:14:09.785Z,2026-09-03T09:14:09.936Z
dispute,21,deposit,0x32992924ec9d748a05d4c3316425f32d85124d8da8745855170bc1acf95c272e,382,1,192180,1000000007,175.132145,2026-09-03T09:14:09.937Z,2026-09-03T09:14:10.112Z
dispute,21,submitRK,0x72363f9a1c60f12dbabfdc67f402e306fa091bbbc028d50f0056ccfc2a20f40b,383,1,481858,1000000007,306.583563,2026-09-03T09:14:10.146Z,2026-09-03T09:14:10.452Z
dispute,21,submitDispute,0x4a30e0054b52b655a8193dacf7d993adf1e7e12beeafee444181c2af58759c45,384,1,82864,1000000007,145.819051,2026-09-03T09:14:10.453Z,2026-09-03T09:14:10.598Z
dispute,22,listData,0x8b77226e6735eb5dfd8c53112016507c28b0df4d38154a943776e115e7338103,385,1,139278,1000000007,157.991545,2026-09-03T09:14:10.599Z,2026-09-03T09:14:10.757Z
dispute,22,deposit,0x393e20f6774a084a56bdf101cd556270c4776916cbc09ce32244f9c6e4e5752a,386,1,192180,1000000007,188.380705,2026-09-03T09:14:10.757Z,2026-09-03T09:14:10.945Z
dispute,22,submitRK,0x45bd094cbf2f3aea67a66ce8fef4a7308ebd68b1665a2223d3657845cdb83789,387,1,481858,1000000007,278.308807,2026-09-03T09:14:10.979Z,2026-09-03T09:14:11.257Z
dispute,22,submitDispute,0x2e7144e4df77b9a62656bf5353dc5edcd8df3f186f18d7d79eeac120fce3d26f,388,1,82876,1000000007,126.501348,2026-09-03T09:14:11.258Z,2026-09-03T09:14:11.384Z
dispute,23,listData,0x55e3dadecfa27e6f75baa9b788d4f8d1fc71c3c59bd80de2eebf238fc94be278,389,1,139278,1000000007,141.802361,2026-09-03T09:14:11.385Z,2026-09-03T09:14:11.526Z
dispute,23,deposit,0x71c8113ed3b0fed4d82a831b4954801756889848ac07a224fbdfbd6e56f18ff8,390,1,192168,1000000007,156.560235,2026-09-03T09:14:11.527Z,2026-09-03T09:14:11.683Z
dispute,23,submitRK,0x058f702ea994eb0a49a1de899d2875d8153970e1526e67b58f8c9ccda020661a,391,1,481863,1000000007,247.975716,2026-09-03T09:14:11.713Z,2026-09-03T09:14:11.961Z
dispute,23,submitDispute,0xbe1b2d27baa2cd6811c596121e725991339220c419ccdb52443714beb904a816,392,1,82876,1000000007,116.836346,2026-09-03T09:14:11.962Z,2026-09-03T09:14:12.079Z
dispute,24,listData,0xf04c0238b8166a989da3e76d7f505d012dbde92e3f88d15a16402da9925c55d1,393,1,139266,1000000007,127.409726,2026-09-03T09:14:12.079Z,2026-09-03T09:14:12.207Z
dispute,24,deposit,0x4b1b744e9b46ffcfa5bc3e4c73123050527f5226821ed47e2310d214ac000fc7,394,1,192180,1000000007,134.417891,2026-09-03T09:14:12.207Z,2026-09-03T09:14:12.341Z
dispute,24,submitRK,0x2b0e9add5b433bb31f2d6a1c9cfbabc5ad5cc57f731b70f6ed7fd27fa928d1b2,395,1,481875,1000000007,283.512844,2026-09-03T09:14:12.370Z,2026-09-03T09:14:12.653Z
dispute,24,submitDispute,0xd429f88e5d01ce38d4ed864b2b4279bf56be4974115bad9c7c37714b8565bc3d,396,1,82876,1000000007,141.76154,2026-09-03T09:14:12.654Z,2026-09-03T09:14:12.796Z
dispute,25,listData,0xdfa3a26ad8795bcbca0a279b17c2e688b5cd9436bb72a7e4969ec35ab0e9fd26,397,1,139254,1000000007,161.918473,2026-09-03T09:14:12.796Z,2026-09-03T09:14:12.958Z
dispute,25,deposit,0x9250067356bb9d07ea07f7097bdb9c5859ea6ccd615394f8234c1bd8e51b924c,398,1,192180,1000000007,175.634746,2026-09-03T09:14:12.958Z,2026-09-03T09:14:13.134Z
dispute,25,submitRK,0x5a19bf6e6593af5d4f66b13c7d62b2329973ad788e4680327ef8345619821026,399,1,481846,1000000007,320.136688,2026-09-03T09:14:13.165Z,2026-09-03T09:14:13.485Z
dispute,25,submitDispute,0x205adb096ecaae7cc097175007fe5de0663e7222b2939b86a96c41d0e5b5ef3a,400,1,82876,1000000007,164.09858,2026-09-03T09:14:13.485Z,2026-09-03T09:14:13.650Z
dispute,26,listData,0x61cc0999a0ec6a03eb8bea01243e3930128110de95494a105960816b9e5c3d46,401,1,139266,1000000007,146.278515,2026-09-03T09:14:13.650Z,2026-09-03T09:14:13.796Z
dispute,26,deposit,0x2e285d1c738d08289932d72b21e33f526065eaef2142858a3741ce4bd1088c80,402,1,192180,1000000007,181.448113,2026-09-03T09:14:13.797Z,2026-09-03T09:14:13.978Z
dispute,26,submitRK,0x81efe2f8b58fe40bdfdc8495298283400431a20c755f3a47792a367408eb766d,403,1,481858,1000000007,253.631373,2026-09-03T09:14:14.010Z,2026-09-03T09:14:14.263Z
dispute,26,submitDispute,0x7a369966c65259bc4b1241f95c8aaea05363fe9d23b700972bc6eb7dd92a62db,404,1,82876,1000000007,119.526851,2026-09-03T09:14:14.264Z,2026-09-03T09:14:14.383Z
dispute,27,listData,0x9712b4a4d1fb9fa8561f3494bdacfc0a1b93ab07f50eb2b46b54d951f10caeab,405,1,139278,1000000007,141.086297,2026-09-03T09:14:14.384Z,2026-09-03T09:14:14.525Z
dispute,27,deposit,0xd0726a7effee98023cea85b540754dc950265fbb739c36ce408d5bf4abb80d88,406,1,192180,1000000007,152.701101,2026-09-03T09:14:14.525Z,2026-09-03T09:14:14.678Z
dispute,27,submitRK,0x1d7de3333320ebcbfa03cf0814b9f4de328991eb09c9ff03c379d68722ce8bce,407,1,481858,1000000007,215.779736,2026-09-03T09:14:14.710Z,2026-09-03T09:14:14.926Z
dispute,27,submitDispute,0x0a299655d8ab7525dab7210abb6ad821b21619f5b2db9af656b9114c75ef3a97,408,1,82852,1000000007,113.960555,2026-09-03T09:14:14.926Z,2026-09-03T09:14:15.040Z
dispute,28,listData,0x2ec57b84a922f5588737b7ff71f365281e54654b568901095d6c420c568e384d,409,1,139278,1000000007,146.40014,2026-09-03T09:14:15.041Z,2026-09-03T09:14:15.187Z
dispute,28,deposit,0x1483414f8a0c51794d9c335edf089d33cf61f0acb4f0a49a56ab862098b8220c,410,1,192180,1000000007,156.385416,2026-09-03T09:14:15.188Z,2026-09-03T09:14:15.344Z
dispute,28,submitRK,0xac735ac782975a48d3e506185d3365a9a75c275853f815731556d391bc61c7a4,411,1,481875,1000000007,311.018574,2026-09-03T09:14:15.376Z,2026-09-03T09:14:15.687Z
dispute,28,submitDispute,0x6251f5c9ae5887f734b24d99ed750b1da349216db05758190455a92efc212d49,412,1,82876,1000000007,132.982421,2026-09-03T09:14:15.687Z,2026-09-03T09:14:15.820Z
dispute,29,listData,0xb4c853fef831eebe044065de667572b93c17129b59a25d73e5220c9997b04330,413,1,139278,1000000007,151.95718,2026-09-03T09:14:15.821Z,2026-09-03T09:14:15.973Z
dispute,29,deposit,0xf6e293b2ce954f374cb7cc4b603cba4def3a14d34a74c073968a65915af1e512,414,1,192180,1000000007,166.410445,2026-09-03T09:14:15.973Z,2026-09-03T09:14:16.139Z
dispute,29,submitRK,0xd2dcd4b869c6cca282ad1b040087021691773c2c293dabd568805876b31722c0,415,1,481846,1000000007,282.883093,2026-09-03T09:14:16.174Z,2026-09-03T09:14:16.457Z
dispute,29,submitDispute,0xaf4774d5d3cdc7b1911768ae54ac3e18e6bd9937a740678cd9404461c4bbf6eb,416,1,82876,1000000007,141.9378,2026-09-03T09:14:16.457Z,2026-09-03T09:14:16.599Z
dispute,30,listData,0xfb35c2e86ac81fca607300d44b18d8b20316612066370fd599afdce19cb09287,417,1,139278,1000000007,153.792887,2026-09-03T09:14:16.600Z,2026-09-03T09:14:16.754Z
dispute,30,deposit,0xa32caaa2afa24666a856916e94a4e243eb4c171b19ebd7e916e60b5132e5dd28,418,1,192180,1000000007,176.053256,2026-09-03T09:14:16.754Z,2026-09-03T09:14:16.930Z
dispute,30,submitRK,0x2546ca2efad604d0f7358a90544a0fb2d875283fe52071b63e7ad2fa7701613d,419,1,481875,1000000007,284.083563,2026-09-03T09:14:16.963Z,2026-09-03T09:14:17.247Z
dispute,30,submitDispute,0xda7a327cc97f1cf0aab81b9722cad900e2fafc6d67870d825f937b199e28e339,420,1,82852,1000000007,139.971985,2026-09-03T09:14:17.247Z,2026-09-03T09:14:17.387Z
key-timeout-refund,1,listData,0xda338ab1f420e554ba8a7895e31c1ea89750a0105af7ed8d89f74406cd7d1b7e,421,1,139278,1000000007,162.433409,2026-09-03T09:14:17.388Z,2026-09-03T09:14:17.550Z
key-timeout-refund,1,deposit,0x738a25312bfe0671441db39e55e93aa21ab089ae3c398e56b299551127afa4ec,422,1,192180,1000000007,185.213265,2026-09-03T09:14:17.550Z,2026-09-03T09:14:17.736Z
key-timeout-refund,1,withdrawAfterKeyTimeout,0x4b913ac9c429d409977ab2e44d315ccac1550042bb5e03afd2e56b32b97b1497,424,1,43312,1000000007,148.674363,2026-09-03T09:14:17.780Z,2026-09-03T09:14:17.928Z
key-timeout-refund,2,listData,0xb4d90f43c94cc0d012cc45ecf96e1473dbac9cae52d46255e597cef7c3bef962,425,1,139278,1000000007,150.798897,2026-09-03T09:14:17.929Z,2026-09-03T09:14:18.079Z
key-timeout-refund,2,deposit,0xe18c84063447638012195b3d72d6f92f9c8350aefc513609854d75c020707e3d,426,1,192180,1000000007,185.324381,2026-09-03T09:14:18.080Z,2026-09-03T09:14:18.265Z
key-timeout-refund,2,withdrawAfterKeyTimeout,0xadd721c2f3d41dec8c141ab1e893b87b69eab36e6ca6468cfcbd0b8762be9291,428,1,43312,1000000007,121.932882,2026-09-03T09:14:18.307Z,2026-09-03T09:14:18.429Z
key-timeout-refund,3,listData,0xdd8fbfedfbc9839c0aa00d8f349517047249427e29da3fc13971c6b4b1735506,429,1,139278,1000000007,148.127093,2026-09-03T09:14:18.430Z,2026-09-03T09:14:18.578Z
key-timeout-refund,3,deposit,0x367f57bafe209b0075947e3dfd17c510cc86c232848cb2a82bbfa8a6526b100a,430,1,192168,1000000007,147.320081,2026-09-03T09:14:18.578Z,2026-09-03T09:14:18.726Z
key-timeout-refund,3,withdrawAfterKeyTimeout,0xcd5e86f11c7168d3e1fb3d9065c1538cad622fe37d8be8e6a5d323106a94f1e6,432,1,43312,1000000007,140.014693,2026-09-03T09:14:18.770Z,2026-09-03T09:14:18.910Z
key-timeout-refund,4,listData,0xb36363310ede2f7d5d8ff971772347f7c43bc6b05ce7a6e85d6ede665d3d4cac,433,1,139278,1000000007,142.58698,2026-09-03T09:14:18.911Z,2026-09-03T09:14:19.053Z
key-timeout-refund,4,deposit,0xb6ee3d86572a0921802d9bb385092b73610793a3c5d6a88950720a310c48e128,434,1,192156,1000000007,173.559648,2026-09-03T09:14:19.054Z,2026-09-03T09:14:19.227Z
key-timeout-refund,4,withdrawAfterKeyTimeout,0x78a46a92886c5f4171d6d63f5163725d33f3e0b826e3f13451626029695b5042,436,1,43312,1000000007,125.434069,2026-09-03T09:14:19.271Z,2026-09-03T09:14:19.396Z
key-timeout-refund,5,listData,0x513e429634a760b76c353688c4075bcc2c1b90733dfacb009772555941fc4ac2,437,1,139278,1000000007,154.778667,2026-09-03T09:14:19.396Z,2026-09-03T09:14:19.551Z
key-timeout-refund,5,deposit,0xe0f579935fb1686dcb07f773a43a9e3e8f68101df12b439dab5216b20685060c,438,1,192180,1000000007,210.676909,2026-09-03T09:14:19.552Z,2026-09-03T09:14:19.762Z
key-timeout-refund,5,withdrawAfterKeyTimeout,0x37d0f995563da12675b75c27e2cd079349d6b374446b8a8ebc855deaff6adee2,440,1,43312,1000000007,134.657689,2026-09-03T09:14:19.806Z,2026-09-03T09:14:19.941Z
key-timeout-refund,6,listData,0x438c02ff778d049c81791f5765619dd49c35ec50d473f13783a09b8e243d7dfd,441,1,139278,1000000007,139.764738,2026-09-03T09:14:19.941Z,2026-09-03T09:14:20.081Z
key-timeout-refund,6,deposit,0x8c624f663b686cc3065daae887d49627560907671992a46f14766bb7ac8c69d4,442,1,192180,1000000007,173.556582,2026-09-03T09:14:20.081Z,2026-09-03T09:14:20.255Z
key-timeout-refund,6,withdrawAfterKeyTimeout,0xf2364081445c7f44e4fe39bb0c33b9581d49eafc666d1719ac3769ea34e76439,444,1,43312,1000000007,138.947621,2026-09-03T09:14:20.306Z,2026-09-03T09:14:20.445Z
key-timeout-refund,7,listData,0x35b21d8682ccb93ab252670aadeea3bfd2b3b46661f62041e56d2b23030589fc,445,1,139278,1000000007,162.253739,2026-09-03T09:14:20.446Z,2026-09-03T09:14:20.608Z
key-timeout-refund,7,deposit,0xa590a2f32a48a23e0fbcb8fe6dee658fa05a1286a9547397990f4fbc7df22123,446,1,192180,1000000007,181.925642,2026-09-03T09:14:20.608Z,2026-09-03T09:14:20.790Z
key-timeout-refund,7,withdrawAfterKeyTimeout,0x1701174ba8414d59f2a2545f77256cdf3a52cd426aee1040e9957bc8bd256679,448,1,43312,1000000007,145.53368,2026-09-03T09:14:20.837Z,2026-09-03T09:14:20.982Z
key-timeout-refund,8,listData,0x0ae3de70c910e3972ded53173aaf5e03a1796c0455c301abcf28b0d33f783ccd,449,1,139266,1000000007,133.889442,2026-09-03T09:14:20.983Z,2026-09-03T09:14:21.117Z
key-timeout-refund,8,deposit,0x18ee10ab04ac591109d52f4e0d114dfd2b43f86c534ff63a164d038441856790,450,1,192168,1000000007,147.846907,2026-09-03T09:14:21.117Z,2026-09-03T09:14:21.265Z
key-timeout-refund,8,withdrawAfterKeyTimeout,0x35b94002f343b9bb299d7b04de914dc8528ccfc95a06201d7600cf57e690c1cf,452,1,43312,1000000007,108.977699,2026-09-03T09:14:21.305Z,2026-09-03T09:14:21.414Z
key-timeout-refund,9,listData,0x892247616a6667a9aabfcb6519c97285df82a57c91415bf1d596919a154eeeb2,453,1,139278,1000000007,128.193368,2026-09-03T09:14:21.417Z,2026-09-03T09:14:21.545Z
key-timeout-refund,9,deposit,0x569d6ffb6e2c2e894eee6a12bcd88ec9d8a5791b594f5ab9c2720171b4f0abf7,454,1,192180,1000000007,129.521794,2026-09-03T09:14:21.546Z,2026-09-03T09:14:21.675Z
key-timeout-refund,9,withdrawAfterKeyTimeout,0xe494dc8504da4a8db0f357bcd30bb3b7eb3b1d7052e4c5c78487afa1936c7bcb,456,1,43312,1000000007,119.362471,2026-09-03T09:14:21.715Z,2026-09-03T09:14:21.834Z
key-timeout-refund,10,listData,0xcf5942e95b071e57a6ac215abac1d1636f7306ab1f225bdfe15482eb4cc80f48,457,1,139266,1000000007,117.562646,2026-09-03T09:14:21.834Z,2026-09-03T09:14:21.952Z
key-timeout-refund,10,deposit,0xbdcd56b247b88f1cae1c20c5d1c1380d9595a37017f92537fc8695a8c636bf6b,458,1,192180,1000000007,128.051428,2026-09-03T09:14:21.952Z,2026-09-03T09:14:22.080Z
key-timeout-refund,10,withdrawAfterKeyTimeout,0x7c6cc89b0ca9e89d6088e682925b288026706dd9dada1e5a6605cbafd5accca2,460,1,43312,1000000007,118.26439,2026-09-03T09:14:22.121Z,2026-09-03T09:14:22.239Z
key-timeout-refund,11,listData,0x1f286f6d5830fae5e55ef617253a2eae17a4f61da562055f846276b32e35ad01,461,1,139278,1000000007,117.249137,2026-09-03T09:14:22.240Z,2026-09-03T09:14:22.357Z
key-timeout-refund,11,deposit,0x4ebbb0909302e4cc072b60bad211fc98451a73870bfab060532dab98c44abe39,462,1,192180,1000000007,191.003041,2026-09-03T09:14:22.357Z,2026-09-03T09:14:22.548Z
key-timeout-refund,11,withdrawAfterKeyTimeout,0xd6af9d3f300a65bfc96ba1bbdbf900a8c8b1ca56991b8107baf0320e9abb8ff5,464,1,43312,1000000007,135.247525,2026-09-03T09:14:22.593Z,2026-09-03T09:14:22.729Z
key-timeout-refund,12,listData,0x5fc3fb874fdc72346f188c2a34a8e8932f5cb979c2bec3e896cd683a7a159ef4,465,1,139278,1000000007,137.715411,2026-09-03T09:14:22.729Z,2026-09-03T09:14:22.867Z
key-timeout-refund,12,deposit,0x6deffd8e2ac74afdee8fea0e6ab3761ebed597a439334897fb1f72a06246a0be,466,1,192180,1000000007,177.30999,2026-09-03T09:14:22.867Z,2026-09-03T09:14:23.044Z
key-timeout-refund,12,withdrawAfterKeyTimeout,0x6d0ae1fe6493b1ed507c20bdc7008a86d45db9b6e4c7ac6e1128fc27196a7637,468,1,43312,1000000007,146.633537,2026-09-03T09:14:23.091Z,2026-09-03T09:14:23.238Z
key-timeout-refund,13,listData,0xd18b2e9f97524e306428849496b89e7e27432caea7ca3b14669278b0f8d7ac7d,469,1,139266,1000000007,140.178176,2026-09-03T09:14:23.239Z,2026-09-03T09:14:23.379Z
key-timeout-refund,13,deposit,0x46e4fd65b904bc8ca368a4c4502073978df9e4d1560bc2691008870fb26dfa8a,470,1,192180,1000000007,190.115313,2026-09-03T09:14:23.379Z,2026-09-03T09:14:23.569Z
key-timeout-refund,13,withdrawAfterKeyTimeout,0x3546bddf23577e38f6acc3a8a0307c476d03a026114653edd42ef794fa1ee311,472,1,43312,1000000007,125.028232,2026-09-03T09:14:23.614Z,2026-09-03T09:14:23.739Z
key-timeout-refund,14,listData,0x45d0fcf6fcce5d3476a556e72ea7d1fc2d0e24f769180714f3df172c16f4a8a6,473,1,139278,1000000007,143.817509,2026-09-03T09:14:23.740Z,2026-09-03T09:14:23.883Z
key-timeout-refund,14,deposit,0xd447bad0c17362753ed77c788e7355863e8c22549944abe10ead12c4d1351d28,474,1,192180,1000000007,150.607886,2026-09-03T09:14:23.884Z,2026-09-03T09:14:24.034Z
key-timeout-refund,14,withdrawAfterKeyTimeout,0x6e8eec064b7ff3e52ee361bb1851c050bd9e8de2b37793b7a8b045f7ee931576,476,1,43312,1000000007,151.627304,2026-09-03T09:14:24.077Z,2026-09-03T09:14:24.228Z
key-timeout-refund,15,listData,0xf4f9adf4d03dcc6ae29fc9f9ea9ac98922930b129451000a51b0a4c0341f521a,477,1,139254,1000000007,147.971086,2026-09-03T09:14:24.229Z,2026-09-03T09:14:24.377Z
key-timeout-refund,15,deposit,0x4ad1d2ec52d2bc562efed6236386b2654463ccf04997e177a9f897dc1d6a1622,478,1,192156,1000000007,183.329999,2026-09-03T09:14:24.377Z,2026-09-03T09:14:24.560Z
key-timeout-refund,15,withdrawAfterKeyTimeout,0xdf50eec131d32164ef6b0c2599c610f150c3df94b7ab2035133dbe9020988805,480,1,43288,1000000007,129.315216,2026-09-03T09:14:24.605Z,2026-09-03T09:14:24.735Z
key-timeout-refund,16,listData,0x57fb2d4fae21f6622997dee634c971b6de9259ba3fac2ff96a2b3d9bcf6ed4b2,481,1,139278,1000000007,158.551787,2026-09-03T09:14:24.735Z,2026-09-03T09:14:24.894Z
key-timeout-refund,16,deposit,0x63e3b279d8f03580d99d8dbb0cf158ba9d59f614630482ad69b21b99094ee4a4,482,1,192180,1000000007,172.703429,2026-09-03T09:14:24.894Z,2026-09-03T09:14:25.067Z
key-timeout-refund,16,withdrawAfterKeyTimeout,0xd8260fa3ba3444729e809fca3299a5ab5713b875f2d6e9801f1f8ab18cb10ae3,484,1,43312,1000000007,152.752447,2026-09-03T09:14:25.111Z,2026-09-03T09:14:25.264Z
key-timeout-refund,17,listData,0x8ad62087803294e0baa98ffc06f11ba9fb381114059c76b28b9cdff64d48cd6c,485,1,139266,1000000007,150.332752,2026-09-03T09:14:25.264Z,2026-09-03T09:14:25.415Z
key-timeout-refund,17,deposit,0x0315429d73d62ca3123699a5acaa8c2bab8d6ee7fe84266bf7cda92fc3b072a6,486,1,192168,1000000007,198.21583,2026-09-03T09:14:25.415Z,2026-09-03T09:14:25.613Z
key-timeout-refund,17,withdrawAfterKeyTimeout,0x52e6b2882461bf6fc1c6f0d801b84c378a728d532f501039dfb6706df72bbe00,488,1,43300,1000000007,135.225423,2026-09-03T09:14:25.657Z,2026-09-03T09:14:25.792Z
key-timeout-refund,18,listData,0x50417e4df404e9f89c685310d4cf2c9f150bd619942789b3f89da6b4d7139e09,489,1,139278,1000000007,158.606691,2026-09-03T09:14:25.793Z,2026-09-03T09:14:25.952Z
key-timeout-refund,18,deposit,0xf4ba6e7a3056227a58c77154e1331538cc72d0fe16f6914665e5c9fd613edbac,490,1,192180,1000000007,177.703652,2026-09-03T09:14:25.952Z,2026-09-03T09:14:26.130Z
key-timeout-refund,18,withdrawAfterKeyTimeout,0x420b9ab2c02d2ae15c12f44c7ce3a863625967e028715a934b9e79a9d2630b69,492,1,43312,1000000007,143.851283,2026-09-03T09:14:26.174Z,2026-09-03T09:14:26.318Z
key-timeout-refund,19,listData,0xfc000ade29d5c5d157e0e02bbb32d59af0ebeddd6ab29bac5d57b9198f53cbaf,493,1,139278,1000000007,146.122717,2026-09-03T09:14:26.318Z,2026-09-03T09:14:26.464Z
key-timeout-refund,19,deposit,0x32b9596aca060b625d365b77a5d8bc99ebb8a8fdec2d18de413ffc201384a1da,494,1,192180,1000000007,196.422476,2026-09-03T09:14:26.464Z,2026-09-03T09:14:26.661Z
key-timeout-refund,19,withdrawAfterKeyTimeout,0x37b0dbcda86de63a1e6b94731f0ce985dc5e7cd2deed9fb5174701974098dbae,496,1,43312,1000000007,127.224045,2026-09-03T09:14:26.704Z,2026-09-03T09:14:26.831Z
key-timeout-refund,20,listData,0x6f90e75308bffdd2f112393db134328d2b38f67db2182b9c2dc613da88d810c6,497,1,139254,1000000007,155.110055,2026-09-03T09:14:26.832Z,2026-09-03T09:14:26.987Z
key-timeout-refund,20,deposit,0xc7d42e29da553eeb0a17c3daeaf6769368fa358bfd1840c1e2204d8f1afabc8b,498,1,192156,1000000007,170.761819,2026-09-03T09:14:26.987Z,2026-09-03T09:14:27.158Z
key-timeout-refund,20,withdrawAfterKeyTimeout,0xa7779c2c45d0b4e6ad049d0b15ddb4588902852b5bcd209094c59cd162fc3750,500,1,43312,1000000007,147.955913,2026-09-03T09:14:27.200Z,2026-09-03T09:14:27.348Z
key-timeout-refund,21,listData,0xe195780fa1b5eddabb7b2f723264cee526f3cfa222ac968309f2b221a6f9a67c,501,1,139254,1000000007,145.440337,2026-09-03T09:14:27.348Z,2026-09-03T09:14:27.493Z
key-timeout-refund,21,deposit,0xaa84ae55875f4852c87300d7d764018264c3033fa5109e68a8d039e002d05f66,502,1,192168,1000000007,184.374821,2026-09-03T09:14:27.494Z,2026-09-03T09:14:27.678Z
key-timeout-refund,21,withdrawAfterKeyTimeout,0xccc5936cd32bf11b00699cfcc4e511c53bfc99da218e52ccc152d41097bd73ed,504,1,43312,1000000007,130.624789,2026-09-03T09:14:27.723Z,2026-09-03T09:14:27.853Z
key-timeout-refund,22,listData,0x5ebd17370ae0a5e3cd2dce8a11971cf27cddab0a08e07033e8d062663bea0128,505,1,139254,1000000007,157.067688,2026-09-03T09:14:27.854Z,2026-09-03T09:14:28.011Z
key-timeout-refund,22,deposit,0x93a808c2a0b5f6461054872dadc226bb20623f082ff5ba4d4e31b7f0d4aed733,506,1,192168,1000000007,176.571615,2026-09-03T09:14:28.011Z,2026-09-03T09:14:28.188Z
key-timeout-refund,22,withdrawAfterKeyTimeout,0x59ec65c990b60727d11ec5489d093ca7dee14c78e4a7454f1976f6e4858d8a4e,508,1,43300,1000000007,141.811671,2026-09-03T09:14:28.229Z,2026-09-03T09:14:28.371Z
key-timeout-refund,23,listData,0xfdd20946302d3b65769e8afe41bea86fbc7cb9fe6b3495d3e2530cb2d3a8b94a,509,1,139254,1000000007,144.789469,2026-09-03T09:14:28.372Z,2026-09-03T09:14:28.516Z
key-timeout-refund,23,deposit,0x856eade2453c07d16f8d187cd09b5d4a940083a04d7e6d32b4a7a952956b8753,510,1,192168,1000000007,174.446454,2026-09-03T09:14:28.517Z,2026-09-03T09:14:28.691Z
key-timeout-refund,23,withdrawAfterKeyTimeout,0x528e23cbca65d659c021971ed72e173690618adb4fee023019839339b873f573,512,1,43300,1000000007,114.536435,2026-09-03T09:14:28.731Z,2026-09-03T09:14:28.845Z
key-timeout-refund,24,listData,0xc95f6bb25c33e2a45c1826f55d87776554554997ea07b2e30f1144337d9ee3a7,513,1,139266,1000000007,131.576565,2026-09-03T09:14:28.846Z,2026-09-03T09:14:28.977Z
key-timeout-refund,24,deposit,0x3ae400fe53563fee847ba789b8fcd6fb47ec4019ed5e238e32f27bb3b628f009,514,1,192168,1000000007,135.496607,2026-09-03T09:14:28.978Z,2026-09-03T09:14:29.113Z
key-timeout-refund,24,withdrawAfterKeyTimeout,0xb23c30e0587764c2aad73e44be698db35a31d05443ef3d5543f8ccb9a5030222,516,1,43300,1000000007,124.178521,2026-09-03T09:14:29.153Z,2026-09-03T09:14:29.278Z
key-timeout-refund,25,listData,0x2d2b1b5b6082de5d691c526b729773212baba3a4604b956e275eed469fab9b53,517,1,139266,1000000007,129.407905,2026-09-03T09:14:29.278Z,2026-09-03T09:14:29.407Z
key-timeout-refund,25,deposit,0xcd25426cabf3c4d8048c3f1568645fb6f1579e5c549ce5092ac189cc266f69fd,518,1,192168,1000000007,176.688443,2026-09-03T09:14:29.408Z,2026-09-03T09:14:29.584Z
key-timeout-refund,25,withdrawAfterKeyTimeout,0x81093093681dee2cad589f3d7e2ab80aa0800a8f9f851885773d13af45aa836a,520,1,43300,1000000007,133.055729,2026-09-03T09:14:29.628Z,2026-09-03T09:14:29.761Z
key-timeout-refund,26,listData,0xc10182ebe3cfc4facb4832825b73089ba604e0a0d565588379686ed9505801f6,521,1,139278,1000000007,154.588029,2026-09-03T09:14:29.762Z,2026-09-03T09:14:29.916Z
key-timeout-refund,26,deposit,0x89d7f5424bebb045ac1da75c0804b876119374f9d76ce809c42a05158915c281,522,1,192180,1000000007,167.567358,2026-09-03T09:14:29.916Z,2026-09-03T09:14:30.084Z
key-timeout-refund,26,withdrawAfterKeyTimeout,0x16ac7663b784c30f1ee12717781dcf223371139a1f013c320cd39290d19e5cff,524,1,43312,1000000007,141.188857,2026-09-03T09:14:30.126Z,2026-09-03T09:14:30.267Z
key-timeout-refund,27,listData,0x81da167c939aec830f2bb2aa13e27bac414faf2d0aeb8534b072dea56a0aa6ad,525,1,139254,1000000007,145.09799,2026-09-03T09:14:30.267Z,2026-09-03T09:14:30.412Z
key-timeout-refund,27,deposit,0x2ef2e479d7e3fb145acad8890f0e1d3649f255f8cbdd10f7b7bd6c04f2f2bc8b,526,1,192168,1000000007,185.87785,2026-09-03T09:14:30.413Z,2026-09-03T09:14:30.599Z
key-timeout-refund,27,withdrawAfterKeyTimeout,0xc5441961f8bff1d8e2408f403e47be2902c19ab5ed29d99fb5d40c68bc3effce,528,1,43300,1000000007,134.280573,2026-09-03T09:14:30.645Z,2026-09-03T09:14:30.779Z
key-timeout-refund,28,listData,0xe0f028ccf9ca43f7c20ed099b28f6acfa959e07c8b7db9fca51e9386e6856162,529,1,139266,1000000007,162.628173,2026-09-03T09:14:30.780Z,2026-09-03T09:14:30.942Z
key-timeout-refund,28,deposit,0x76f4150921d2b5ce0f448892efcb1bfb0c155f7d11830189f893276f9e6a1ffa,530,1,192180,1000000007,135.869785,2026-09-03T09:14:30.943Z,2026-09-03T09:14:31.079Z
key-timeout-refund,28,withdrawAfterKeyTimeout,0xc0aae647e297812088d4e457bb48dd1626948d3a204e25d5a63ce69a5d79f537,532,1,43312,1000000007,125.629544,2026-09-03T09:14:31.119Z,2026-09-03T09:14:31.245Z
key-timeout-refund,29,listData,0xe8c508ee7e44d03cc9df9b60eff55b56f78e000b4bf80ab4df4d0a1010da796c,533,1,139254,1000000007,116.702208,2026-09-03T09:14:31.245Z,2026-09-03T09:14:31.362Z
key-timeout-refund,29,deposit,0x75c65d5cf267e105c6ffd2ddcc587027456a713e21d69ace7212fab5048f6ee9,534,1,192180,1000000007,143.138486,2026-09-03T09:14:31.362Z,2026-09-03T09:14:31.505Z
key-timeout-refund,29,withdrawAfterKeyTimeout,0x926db562663ddb58b58118df3216db6e47f6c7eb5da30bd735ed6306ca42d74c,536,1,43312,1000000007,109.979031,2026-09-03T09:14:31.546Z,2026-09-03T09:14:31.656Z
key-timeout-refund,30,listData,0x23a6ef9e1b9abccc00d761538b9f30a134aade737af9fee473d76bc54cb18574,537,1,139278,1000000007,129.309645,2026-09-03T09:14:31.656Z,2026-09-03T09:14:31.785Z
key-timeout-refund,30,deposit,0x1b6c74126fa64a32ec3b33f4908b0c4bc834e0a1800dfb6eb7d118fab28b6188,538,1,192180,1000000007,128.608048,2026-09-03T09:14:31.786Z,2026-09-03T09:14:31.914Z
key-timeout-refund,30,withdrawAfterKeyTimeout,0x38e1fa1c54297bbdd2bda0473dad7286004dbcee9721dbdaf3f7c138332ed331,540,1,43312,1000000007,122.781772,2026-09-03T09:14:31.957Z,2026-09-03T09:14:32.080Z
security-negative,1,listData,0xef8acf1823bc96646987c35fc95c0d427cf818f5780900256661fc440cfef541,541,1,139278,1000000007,116.69183,2026-09-03T09:14:32.080Z,2026-09-03T09:14:32.197Z
security-negative,1,deposit,0xa913d2d13f1119b5ea2f83839f45d80e677b5431b44eebc4a2960ad862d337bd,542,1,192180,1000000007,127.710454,2026-09-03T09:14:32.197Z,2026-09-03T09:14:32.325Z
security-negative,1,submitRK-valid-control,0xfd840be785af61a52e7f3588b5b2e89e7effbfc7eb937676a1e32970c8f221ca,543,1,481863,1000000007,300.227035,2026-09-03T09:14:32.457Z,2026-09-03T09:14:32.757Z
